epoch,time,train/box_loss,train/cls_loss,train/dfl_loss,metrics/precision(B),metrics/recall(B),metrics/mAP50(B),metrics/mAP50-95(B),val/box_loss,val/cls_loss,val/dfl_loss,lr/pg0,lr/pg1,lr/pg2
1,336.144,1.11773,1.80814,1.24157,1,0.99947,0.995,0.8946,0.5056,1.61166,0.80117,0.000661616,0.000661616,0.000661616
2,671.689,1.10362,1.21678,1.24859,0.82922,0.885,0.94792,0.80765,0.66779,1.67016,0.9446,0.00130637,0.00130637,0.00130637
