[0.082s] DEBUG:colcon:Command line arguments: ['/usr/bin/colcon', 'build']
[0.082s] DEBUG:colcon:Parsed command line arguments: Namespace(log_base=None, log_level=None, verb_name='build', build_base='build', install_base='install', merge_install=False, symlink_install=False, test_result_base=None, continue_on_error=False, executor='parallel', parallel_workers=16, event_handlers=None, ignore_user_meta=False, metas=['./colcon.meta'], base_paths=['.'], packages_ignore=None, packages_ignore_regex=None, paths=None, packages_up_to=None, packages_up_to_regex=None, packages_above=None, packages_above_and_dependencies=None, packages_above_depth=None, packages_select_by_dep=None, packages_skip_by_dep=None, packages_skip_up_to=None, packages_select_build_failed=False, packages_skip_build_finished=False, packages_select_test_failures=False, packages_skip_test_passed=False, packages_select=None, packages_skip=None, packages_select_regex=None, packages_skip_regex=None, packages_start=None, packages_end=None, allow_overriding=[], cmake_args=None, cmake_target=None, cmake_target_skip_unavailable=False, cmake_clean_cache=False, cmake_clean_first=False, cmake_force_configure=False, ament_cmake_args=None, catkin_cmake_args=None, catkin_skip_building_tests=False, mixin_files=None, mixin=None, verb_parser=<colcon_mixin.mixin.mixin_argument.MixinArgumentDecorator object at 0x74eca1d84580>, verb_extension=<colcon_core.verb.build.BuildVerb object at 0x74eca1d05b10>, main=<bound method BuildVerb.main of <colcon_core.verb.build.BuildVerb object at 0x74eca1d05b10>>, mixin_verb=('build',))
[0.210s] Level 1:colcon.colcon_core.package_discovery:discover_packages(colcon_meta) check parameters
[0.210s] Level 1:colcon.colcon_core.package_discovery:discover_packages(recursive) check parameters
[0.210s] Level 1:colcon.colcon_core.package_discovery:discover_packages(ignore) check parameters
[0.210s] Level 1:colcon.colcon_core.package_discovery:discover_packages(path) check parameters
[0.210s] Level 1:colcon.colcon_core.package_discovery:discover_packages(colcon_meta) discover
[0.210s] Level 1:colcon.colcon_core.package_discovery:discover_packages(recursive) discover
[0.210s] INFO:colcon.colcon_core.package_discovery:Crawling recursively for packages in '/home/prethivi/ros2_ws/Smart_Factory/smart_factory_ws'
[0.210s] Level 1:colcon.colcon_core.package_identification:_identify(.) by extensions ['ignore', 'ignore_ament_install']
[0.210s] Level 1:colcon.colcon_core.package_identification:_identify(.) by extension 'ignore'
[0.210s] Level 1:colcon.colcon_core.package_identification:_identify(.) by extension 'ignore_ament_install'
[0.210s] Level 1:colcon.colcon_core.package_identification:_identify(.) by extensions ['colcon_pkg']
[0.210s] Level 1:colcon.colcon_core.package_identification:_identify(.) by extension 'colcon_pkg'
[0.210s] Level 1:colcon.colcon_core.package_identification:_identify(.) by extensions ['colcon_meta']
[0.210s] Level 1:colcon.colcon_core.package_identification:_identify(.) by extension 'colcon_meta'
[0.210s] Level 1:colcon.colcon_core.package_identification:_identify(.) by extensions ['ros']
[0.210s] Level 1:colcon.colcon_core.package_identification:_identify(.) by extension 'ros'
[0.229s] Level 1:colcon.colcon_core.package_identification:_identify(.) by extensions ['cmake', 'python']
[0.229s] Level 1:colcon.colcon_core.package_identification:_identify(.) by extension 'cmake'
[0.229s] Level 1:colcon.colcon_core.package_identification:_identify(.) by extension 'python'
[0.229s] Level 1:colcon.colcon_core.package_identification:_identify(.) by extensions ['python_setup_py']
[0.229s] Level 1:colcon.colcon_core.package_identification:_identify(.) by extension 'python_setup_py'
[0.229s] Level 1:colcon.colcon_core.package_identification:_identify(build) by extensions ['ignore', 'ignore_ament_install']
[0.229s] Level 1:colcon.colcon_core.package_identification:_identify(build) by extension 'ignore'
[0.229s] Level 1:colcon.colcon_core.package_identification:_identify(build) ignored
[0.230s] Level 1:colcon.colcon_core.package_identification:_identify(documentation_images) by extensions ['ignore', 'ignore_ament_install']
[0.230s] Level 1:colcon.colcon_core.package_identification:_identify(documentation_images) by extension 'ignore'
[0.230s] Level 1:colcon.colcon_core.package_identification:_identify(documentation_images) by extension 'ignore_ament_install'
[0.230s] Level 1:colcon.colcon_core.package_identification:_identify(documentation_images) by extensions ['colcon_pkg']
[0.230s] Level 1:colcon.colcon_core.package_identification:_identify(documentation_images) by extension 'colcon_pkg'
[0.230s] Level 1:colcon.colcon_core.package_identification:_identify(documentation_images) by extensions ['colcon_meta']
[0.230s] Level 1:colcon.colcon_core.package_identification:_identify(documentation_images) by extension 'colcon_meta'
[0.230s] Level 1:colcon.colcon_core.package_identification:_identify(documentation_images) by extensions ['ros']
[0.230s] Level 1:colcon.colcon_core.package_identification:_identify(documentation_images) by extension 'ros'
[0.230s] Level 1:colcon.colcon_core.package_identification:_identify(documentation_images) by extensions ['cmake', 'python']
[0.230s] Level 1:colcon.colcon_core.package_identification:_identify(documentation_images) by extension 'cmake'
[0.230s] Level 1:colcon.colcon_core.package_identification:_identify(documentation_images) by extension 'python'
[0.230s] Level 1:colcon.colcon_core.package_identification:_identify(documentation_images) by extensions ['python_setup_py']
[0.230s] Level 1:colcon.colcon_core.package_identification:_identify(documentation_images) by extension 'python_setup_py'
[0.230s] Level 1:colcon.colcon_core.package_identification:_identify(install) by extensions ['ignore', 'ignore_ament_install']
[0.230s] Level 1:colcon.colcon_core.package_identification:_identify(install) by extension 'ignore'
[0.230s] Level 1:colcon.colcon_core.package_identification:_identify(install) ignored
[0.231s] Level 1:colcon.colcon_core.package_identification:_identify(log) by extensions ['ignore', 'ignore_ament_install']
[0.231s] Level 1:colcon.colcon_core.package_identification:_identify(log) by extension 'ignore'
[0.231s] Level 1:colcon.colcon_core.package_identification:_identify(log) ignored
[0.231s] Level 1:colcon.colcon_core.package_identification:_identify(runs) by extensions ['ignore', 'ignore_ament_install']
[0.231s] Level 1:colcon.colcon_core.package_identification:_identify(runs) by extension 'ignore'
[0.231s] Level 1:colcon.colcon_core.package_identification:_identify(runs) by extension 'ignore_ament_install'
[0.231s] Level 1:colcon.colcon_core.package_identification:_identify(runs) by extensions ['colcon_pkg']
[0.231s] Level 1:colcon.colcon_core.package_identification:_identify(runs) by extension 'colcon_pkg'
[0.231s] Level 1:colcon.colcon_core.package_identification:_identify(runs) by extensions ['colcon_meta']
[0.231s] Level 1:colcon.colcon_core.package_identification:_identify(runs) by extension 'colcon_meta'
[0.231s] Level 1:colcon.colcon_core.package_identification:_identify(runs) by extensions ['ros']
[0.231s] Level 1:colcon.colcon_core.package_identification:_identify(runs) by extension 'ros'
[0.231s] Level 1:colcon.colcon_core.package_identification:_identify(runs) by extensions ['cmake', 'python']
[0.231s] Level 1:colcon.colcon_core.package_identification:_identify(runs) by extension 'cmake'
[0.231s] Level 1:colcon.colcon_core.package_identification:_identify(runs) by extension 'python'
[0.231s] Level 1:colcon.colcon_core.package_identification:_identify(runs) by extensions ['python_setup_py']
[0.231s] Level 1:colcon.colcon_core.package_identification:_identify(runs) by extension 'python_setup_py'
[0.231s] Level 1:colcon.colcon_core.package_identification:_identify(runs/detect) by extensions ['ignore', 'ignore_ament_install']
[0.232s] Level 1:colcon.colcon_core.package_identification:_identify(runs/detect) by extension 'ignore'
[0.232s] Level 1:colcon.colcon_core.package_identification:_identify(runs/detect) by extension 'ignore_ament_install'
[0.232s] Level 1:colcon.colcon_core.package_identification:_identify(runs/detect) by extensions ['colcon_pkg']
[0.232s] Level 1:colcon.colcon_core.package_identification:_identify(runs/detect) by extension 'colcon_pkg'
[0.232s] Level 1:colcon.colcon_core.package_identification:_identify(runs/detect) by extensions ['colcon_meta']
[0.232s] Level 1:colcon.colcon_core.package_identification:_identify(runs/detect) by extension 'colcon_meta'
[0.232s] Level 1:colcon.colcon_core.package_identification:_identify(runs/detect) by extensions ['ros']
[0.232s] Level 1:colcon.colcon_core.package_identification:_identify(runs/detect) by extension 'ros'
[0.232s] Level 1:colcon.colcon_core.package_identification:_identify(runs/detect) by extensions ['cmake', 'python']
[0.232s] Level 1:colcon.colcon_core.package_identification:_identify(runs/detect) by extension 'cmake'
[0.232s] Level 1:colcon.colcon_core.package_identification:_identify(runs/detect) by extension 'python'
[0.232s] Level 1:colcon.colcon_core.package_identification:_identify(runs/detect) by extensions ['python_setup_py']
[0.232s] Level 1:colcon.colcon_core.package_identification:_identify(runs/detect) by extension 'python_setup_py'
[0.232s] Level 1:colcon.colcon_core.package_identification:_identify(runs/detect/train) by extensions ['ignore', 'ignore_ament_install']
[0.232s] Level 1:colcon.colcon_core.package_identification:_identify(runs/detect/train) by extension 'ignore'
[0.232s] Level 1:colcon.colcon_core.package_identification:_identify(runs/detect/train) by extension 'ignore_ament_install'
[0.232s] Level 1:colcon.colcon_core.package_identification:_identify(runs/detect/train) by extensions ['colcon_pkg']
[0.232s] Level 1:colcon.colcon_core.package_identification:_identify(runs/detect/train) by extension 'colcon_pkg'
[0.232s] Level 1:colcon.colcon_core.package_identification:_identify(runs/detect/train) by extensions ['colcon_meta']
[0.232s] Level 1:colcon.colcon_core.package_identification:_identify(runs/detect/train) by extension 'colcon_meta'
[0.232s] Level 1:colcon.colcon_core.package_identification:_identify(runs/detect/train) by extensions ['ros']
[0.232s] Level 1:colcon.colcon_core.package_identification:_identify(runs/detect/train) by extension 'ros'
[0.232s] Level 1:colcon.colcon_core.package_identification:_identify(runs/detect/train) by extensions ['cmake', 'python']
[0.232s] Level 1:colcon.colcon_core.package_identification:_identify(runs/detect/train) by extension 'cmake'
[0.232s] Level 1:colcon.colcon_core.package_identification:_identify(runs/detect/train) by extension 'python'
[0.232s] Level 1:colcon.colcon_core.package_identification:_identify(runs/detect/train) by extensions ['python_setup_py']
[0.232s] Level 1:colcon.colcon_core.package_identification:_identify(runs/detect/train) by extension 'python_setup_py'
[0.232s] Level 1:colcon.colcon_core.package_identification:_identify(runs/detect/train/weights) by extensions ['ignore', 'ignore_ament_install']
[0.232s] Level 1:colcon.colcon_core.package_identification:_identify(runs/detect/train/weights) by extension 'ignore'
[0.232s] Level 1:colcon.colcon_core.package_identification:_identify(runs/detect/train/weights) by extension 'ignore_ament_install'
[0.233s] Level 1:colcon.colcon_core.package_identification:_identify(runs/detect/train/weights) by extensions ['colcon_pkg']
[0.233s] Level 1:colcon.colcon_core.package_identification:_identify(runs/detect/train/weights) by extension 'colcon_pkg'
[0.233s] Level 1:colcon.colcon_core.package_identification:_identify(runs/detect/train/weights) by extensions ['colcon_meta']
[0.233s] Level 1:colcon.colcon_core.package_identification:_identify(runs/detect/train/weights) by extension 'colcon_meta'
[0.233s] Level 1:colcon.colcon_core.package_identification:_identify(runs/detect/train/weights) by extensions ['ros']
[0.233s] Level 1:colcon.colcon_core.package_identification:_identify(runs/detect/train/weights) by extension 'ros'
[0.233s] Level 1:colcon.colcon_core.package_identification:_identify(runs/detect/train/weights) by extensions ['cmake', 'python']
[0.233s] Level 1:colcon.colcon_core.package_identification:_identify(runs/detect/train/weights) by extension 'cmake'
[0.233s] Level 1:colcon.colcon_core.package_identification:_identify(runs/detect/train/weights) by extension 'python'
[0.233s] Level 1:colcon.colcon_core.package_identification:_identify(runs/detect/train/weights) by extensions ['python_setup_py']
[0.233s] Level 1:colcon.colcon_core.package_identification:_identify(runs/detect/train/weights) by extension 'python_setup_py'
[0.233s] Level 1:colcon.colcon_core.package_identification:_identify(runs/detect/train2) by extensions ['ignore', 'ignore_ament_install']
[0.233s] Level 1:colcon.colcon_core.package_identification:_identify(runs/detect/train2) by extension 'ignore'
[0.233s] Level 1:colcon.colcon_core.package_identification:_identify(runs/detect/train2) by extension 'ignore_ament_install'
[0.233s] Level 1:colcon.colcon_core.package_identification:_identify(runs/detect/train2) by extensions ['colcon_pkg']
[0.233s] Level 1:colcon.colcon_core.package_identification:_identify(runs/detect/train2) by extension 'colcon_pkg'
[0.233s] Level 1:colcon.colcon_core.package_identification:_identify(runs/detect/train2) by extensions ['colcon_meta']
[0.233s] Level 1:colcon.colcon_core.package_identification:_identify(runs/detect/train2) by extension 'colcon_meta'
[0.233s] Level 1:colcon.colcon_core.package_identification:_identify(runs/detect/train2) by extensions ['ros']
[0.233s] Level 1:colcon.colcon_core.package_identification:_identify(runs/detect/train2) by extension 'ros'
[0.233s] Level 1:colcon.colcon_core.package_identification:_identify(runs/detect/train2) by extensions ['cmake', 'python']
[0.233s] Level 1:colcon.colcon_core.package_identification:_identify(runs/detect/train2) by extension 'cmake'
[0.233s] Level 1:colcon.colcon_core.package_identification:_identify(runs/detect/train2) by extension 'python'
[0.233s] Level 1:colcon.colcon_core.package_identification:_identify(runs/detect/train2) by extensions ['python_setup_py']
[0.233s] Level 1:colcon.colcon_core.package_identification:_identify(runs/detect/train2) by extension 'python_setup_py'
[0.233s] Level 1:colcon.colcon_core.package_identification:_identify(runs/detect/train2/weights) by extensions ['ignore', 'ignore_ament_install']
[0.233s] Level 1:colcon.colcon_core.package_identification:_identify(runs/detect/train2/weights) by extension 'ignore'
[0.233s] Level 1:colcon.colcon_core.package_identification:_identify(runs/detect/train2/weights) by extension 'ignore_ament_install'
[0.233s] Level 1:colcon.colcon_core.package_identification:_identify(runs/detect/train2/weights) by extensions ['colcon_pkg']
[0.233s] Level 1:colcon.colcon_core.package_identification:_identify(runs/detect/train2/weights) by extension 'colcon_pkg'
[0.233s] Level 1:colcon.colcon_core.package_identification:_identify(runs/detect/train2/weights) by extensions ['colcon_meta']
[0.234s] Level 1:colcon.colcon_core.package_identification:_identify(runs/detect/train2/weights) by extension 'colcon_meta'
[0.234s] Level 1:colcon.colcon_core.package_identification:_identify(runs/detect/train2/weights) by extensions ['ros']
[0.234s] Level 1:colcon.colcon_core.package_identification:_identify(runs/detect/train2/weights) by extension 'ros'
[0.234s] Level 1:colcon.colcon_core.package_identification:_identify(runs/detect/train2/weights) by extensions ['cmake', 'python']
[0.234s] Level 1:colcon.colcon_core.package_identification:_identify(runs/detect/train2/weights) by extension 'cmake'
[0.234s] Level 1:colcon.colcon_core.package_identification:_identify(runs/detect/train2/weights) by extension 'python'
[0.234s] Level 1:colcon.colcon_core.package_identification:_identify(runs/detect/train2/weights) by extensions ['python_setup_py']
[0.234s] Level 1:colcon.colcon_core.package_identification:_identify(runs/detect/train2/weights) by extension 'python_setup_py'
[0.234s] Level 1:colcon.colcon_core.package_identification:_identify(runs/detect/train3) by extensions ['ignore', 'ignore_ament_install']
[0.234s] Level 1:colcon.colcon_core.package_identification:_identify(runs/detect/train3) by extension 'ignore'
[0.234s] Level 1:colcon.colcon_core.package_identification:_identify(runs/detect/train3) by extension 'ignore_ament_install'
[0.234s] Level 1:colcon.colcon_core.package_identification:_identify(runs/detect/train3) by extensions ['colcon_pkg']
[0.234s] Level 1:colcon.colcon_core.package_identification:_identify(runs/detect/train3) by extension 'colcon_pkg'
[0.234s] Level 1:colcon.colcon_core.package_identification:_identify(runs/detect/train3) by extensions ['colcon_meta']
[0.234s] Level 1:colcon.colcon_core.package_identification:_identify(runs/detect/train3) by extension 'colcon_meta'
[0.234s] Level 1:colcon.colcon_core.package_identification:_identify(runs/detect/train3) by extensions ['ros']
[0.234s] Level 1:colcon.colcon_core.package_identification:_identify(runs/detect/train3) by extension 'ros'
[0.234s] Level 1:colcon.colcon_core.package_identification:_identify(runs/detect/train3) by extensions ['cmake', 'python']
[0.234s] Level 1:colcon.colcon_core.package_identification:_identify(runs/detect/train3) by extension 'cmake'
[0.234s] Level 1:colcon.colcon_core.package_identification:_identify(runs/detect/train3) by extension 'python'
[0.234s] Level 1:colcon.colcon_core.package_identification:_identify(runs/detect/train3) by extensions ['python_setup_py']
[0.234s] Level 1:colcon.colcon_core.package_identification:_identify(runs/detect/train3) by extension 'python_setup_py'
[0.234s] Level 1:colcon.colcon_core.package_identification:_identify(runs/detect/train3/weights) by extensions ['ignore', 'ignore_ament_install']
[0.234s] Level 1:colcon.colcon_core.package_identification:_identify(runs/detect/train3/weights) by extension 'ignore'
[0.234s] Level 1:colcon.colcon_core.package_identification:_identify(runs/detect/train3/weights) by extension 'ignore_ament_install'
[0.234s] Level 1:colcon.colcon_core.package_identification:_identify(runs/detect/train3/weights) by extensions ['colcon_pkg']
[0.234s] Level 1:colcon.colcon_core.package_identification:_identify(runs/detect/train3/weights) by extension 'colcon_pkg'
[0.234s] Level 1:colcon.colcon_core.package_identification:_identify(runs/detect/train3/weights) by extensions ['colcon_meta']
[0.234s] Level 1:colcon.colcon_core.package_identification:_identify(runs/detect/train3/weights) by extension 'colcon_meta'
[0.234s] Level 1:colcon.colcon_core.package_identification:_identify(runs/detect/train3/weights) by extensions ['ros']
[0.234s] Level 1:colcon.colcon_core.package_identification:_identify(runs/detect/train3/weights) by extension 'ros'
[0.235s] Level 1:colcon.colcon_core.package_identification:_identify(runs/detect/train3/weights) by extensions ['cmake', 'python']
[0.235s] Level 1:colcon.colcon_core.package_identification:_identify(runs/detect/train3/weights) by extension 'cmake'
[0.235s] Level 1:colcon.colcon_core.package_identification:_identify(runs/detect/train3/weights) by extension 'python'
[0.235s] Level 1:colcon.colcon_core.package_identification:_identify(runs/detect/train3/weights) by extensions ['python_setup_py']
[0.235s] Level 1:colcon.colcon_core.package_identification:_identify(runs/detect/train3/weights) by extension 'python_setup_py'
[0.235s] Level 1:colcon.colcon_core.package_identification:_identify(runs/detect/train4) by extensions ['ignore', 'ignore_ament_install']
[0.235s] Level 1:colcon.colcon_core.package_identification:_identify(runs/detect/train4) by extension 'ignore'
[0.235s] Level 1:colcon.colcon_core.package_identification:_identify(runs/detect/train4) by extension 'ignore_ament_install'
[0.235s] Level 1:colcon.colcon_core.package_identification:_identify(runs/detect/train4) by extensions ['colcon_pkg']
[0.235s] Level 1:colcon.colcon_core.package_identification:_identify(runs/detect/train4) by extension 'colcon_pkg'
[0.235s] Level 1:colcon.colcon_core.package_identification:_identify(runs/detect/train4) by extensions ['colcon_meta']
[0.235s] Level 1:colcon.colcon_core.package_identification:_identify(runs/detect/train4) by extension 'colcon_meta'
[0.235s] Level 1:colcon.colcon_core.package_identification:_identify(runs/detect/train4) by extensions ['ros']
[0.235s] Level 1:colcon.colcon_core.package_identification:_identify(runs/detect/train4) by extension 'ros'
[0.235s] Level 1:colcon.colcon_core.package_identification:_identify(runs/detect/train4) by extensions ['cmake', 'python']
[0.235s] Level 1:colcon.colcon_core.package_identification:_identify(runs/detect/train4) by extension 'cmake'
[0.235s] Level 1:colcon.colcon_core.package_identification:_identify(runs/detect/train4) by extension 'python'
[0.235s] Level 1:colcon.colcon_core.package_identification:_identify(runs/detect/train4) by extensions ['python_setup_py']
[0.235s] Level 1:colcon.colcon_core.package_identification:_identify(runs/detect/train4) by extension 'python_setup_py'
[0.235s] Level 1:colcon.colcon_core.package_identification:_identify(runs/detect/train4/weights) by extensions ['ignore', 'ignore_ament_install']
[0.235s] Level 1:colcon.colcon_core.package_identification:_identify(runs/detect/train4/weights) by extension 'ignore'
[0.235s] Level 1:colcon.colcon_core.package_identification:_identify(runs/detect/train4/weights) by extension 'ignore_ament_install'
[0.235s] Level 1:colcon.colcon_core.package_identification:_identify(runs/detect/train4/weights) by extensions ['colcon_pkg']
[0.235s] Level 1:colcon.colcon_core.package_identification:_identify(runs/detect/train4/weights) by extension 'colcon_pkg'
[0.235s] Level 1:colcon.colcon_core.package_identification:_identify(runs/detect/train4/weights) by extensions ['colcon_meta']
[0.235s] Level 1:colcon.colcon_core.package_identification:_identify(runs/detect/train4/weights) by extension 'colcon_meta'
[0.235s] Level 1:colcon.colcon_core.package_identification:_identify(runs/detect/train4/weights) by extensions ['ros']
[0.235s] Level 1:colcon.colcon_core.package_identification:_identify(runs/detect/train4/weights) by extension 'ros'
[0.235s] Level 1:colcon.colcon_core.package_identification:_identify(runs/detect/train4/weights) by extensions ['cmake', 'python']
[0.235s] Level 1:colcon.colcon_core.package_identification:_identify(runs/detect/train4/weights) by extension 'cmake'
[0.235s] Level 1:colcon.colcon_core.package_identification:_identify(runs/detect/train4/weights) by extension 'python'
[0.236s] Level 1:colcon.colcon_core.package_identification:_identify(runs/detect/train4/weights) by extensions ['python_setup_py']
[0.236s] Level 1:colcon.colcon_core.package_identification:_identify(runs/detect/train4/weights) by extension 'python_setup_py'
[0.236s] Level 1:colcon.colcon_core.package_identification:_identify(runs/detect/train5) by extensions ['ignore', 'ignore_ament_install']
[0.236s] Level 1:colcon.colcon_core.package_identification:_identify(runs/detect/train5) by extension 'ignore'
[0.236s] Level 1:colcon.colcon_core.package_identification:_identify(runs/detect/train5) by extension 'ignore_ament_install'
[0.236s] Level 1:colcon.colcon_core.package_identification:_identify(runs/detect/train5) by extensions ['colcon_pkg']
[0.236s] Level 1:colcon.colcon_core.package_identification:_identify(runs/detect/train5) by extension 'colcon_pkg'
[0.236s] Level 1:colcon.colcon_core.package_identification:_identify(runs/detect/train5) by extensions ['colcon_meta']
[0.236s] Level 1:colcon.colcon_core.package_identification:_identify(runs/detect/train5) by extension 'colcon_meta'
[0.236s] Level 1:colcon.colcon_core.package_identification:_identify(runs/detect/train5) by extensions ['ros']
[0.236s] Level 1:colcon.colcon_core.package_identification:_identify(runs/detect/train5) by extension 'ros'
[0.236s] Level 1:colcon.colcon_core.package_identification:_identify(runs/detect/train5) by extensions ['cmake', 'python']
[0.236s] Level 1:colcon.colcon_core.package_identification:_identify(runs/detect/train5) by extension 'cmake'
[0.236s] Level 1:colcon.colcon_core.package_identification:_identify(runs/detect/train5) by extension 'python'
[0.236s] Level 1:colcon.colcon_core.package_identification:_identify(runs/detect/train5) by extensions ['python_setup_py']
[0.236s] Level 1:colcon.colcon_core.package_identification:_identify(runs/detect/train5) by extension 'python_setup_py'
[0.236s] Level 1:colcon.colcon_core.package_identification:_identify(runs/detect/train5/weights) by extensions ['ignore', 'ignore_ament_install']
[0.236s] Level 1:colcon.colcon_core.package_identification:_identify(runs/detect/train5/weights) by extension 'ignore'
[0.236s] Level 1:colcon.colcon_core.package_identification:_identify(runs/detect/train5/weights) by extension 'ignore_ament_install'
[0.236s] Level 1:colcon.colcon_core.package_identification:_identify(runs/detect/train5/weights) by extensions ['colcon_pkg']
[0.236s] Level 1:colcon.colcon_core.package_identification:_identify(runs/detect/train5/weights) by extension 'colcon_pkg'
[0.236s] Level 1:colcon.colcon_core.package_identification:_identify(runs/detect/train5/weights) by extensions ['colcon_meta']
[0.236s] Level 1:colcon.colcon_core.package_identification:_identify(runs/detect/train5/weights) by extension 'colcon_meta'
[0.236s] Level 1:colcon.colcon_core.package_identification:_identify(runs/detect/train5/weights) by extensions ['ros']
[0.236s] Level 1:colcon.colcon_core.package_identification:_identify(runs/detect/train5/weights) by extension 'ros'
[0.236s] Level 1:colcon.colcon_core.package_identification:_identify(runs/detect/train5/weights) by extensions ['cmake', 'python']
[0.236s] Level 1:colcon.colcon_core.package_identification:_identify(runs/detect/train5/weights) by extension 'cmake'
[0.236s] Level 1:colcon.colcon_core.package_identification:_identify(runs/detect/train5/weights) by extension 'python'
[0.236s] Level 1:colcon.colcon_core.package_identification:_identify(runs/detect/train5/weights) by extensions ['python_setup_py']
[0.236s] Level 1:colcon.colcon_core.package_identification:_identify(runs/detect/train5/weights) by extension 'python_setup_py'
[0.237s] Level 1:colcon.colcon_core.package_identification:_identify(runs/detect/train6) by extensions ['ignore', 'ignore_ament_install']
[0.237s] Level 1:colcon.colcon_core.package_identification:_identify(runs/detect/train6) by extension 'ignore'
[0.237s] Level 1:colcon.colcon_core.package_identification:_identify(runs/detect/train6) by extension 'ignore_ament_install'
[0.237s] Level 1:colcon.colcon_core.package_identification:_identify(runs/detect/train6) by extensions ['colcon_pkg']
[0.237s] Level 1:colcon.colcon_core.package_identification:_identify(runs/detect/train6) by extension 'colcon_pkg'
[0.237s] Level 1:colcon.colcon_core.package_identification:_identify(runs/detect/train6) by extensions ['colcon_meta']
[0.237s] Level 1:colcon.colcon_core.package_identification:_identify(runs/detect/train6) by extension 'colcon_meta'
[0.237s] Level 1:colcon.colcon_core.package_identification:_identify(runs/detect/train6) by extensions ['ros']
[0.237s] Level 1:colcon.colcon_core.package_identification:_identify(runs/detect/train6) by extension 'ros'
[0.237s] Level 1:colcon.colcon_core.package_identification:_identify(runs/detect/train6) by extensions ['cmake', 'python']
[0.237s] Level 1:colcon.colcon_core.package_identification:_identify(runs/detect/train6) by extension 'cmake'
[0.237s] Level 1:colcon.colcon_core.package_identification:_identify(runs/detect/train6) by extension 'python'
[0.237s] Level 1:colcon.colcon_core.package_identification:_identify(runs/detect/train6) by extensions ['python_setup_py']
[0.237s] Level 1:colcon.colcon_core.package_identification:_identify(runs/detect/train6) by extension 'python_setup_py'
[0.237s] Level 1:colcon.colcon_core.package_identification:_identify(runs/detect/train6/weights) by extensions ['ignore', 'ignore_ament_install']
[0.237s] Level 1:colcon.colcon_core.package_identification:_identify(runs/detect/train6/weights) by extension 'ignore'
[0.237s] Level 1:colcon.colcon_core.package_identification:_identify(runs/detect/train6/weights) by extension 'ignore_ament_install'
[0.237s] Level 1:colcon.colcon_core.package_identification:_identify(runs/detect/train6/weights) by extensions ['colcon_pkg']
[0.237s] Level 1:colcon.colcon_core.package_identification:_identify(runs/detect/train6/weights) by extension 'colcon_pkg'
[0.237s] Level 1:colcon.colcon_core.package_identification:_identify(runs/detect/train6/weights) by extensions ['colcon_meta']
[0.237s] Level 1:colcon.colcon_core.package_identification:_identify(runs/detect/train6/weights) by extension 'colcon_meta'
[0.237s] Level 1:colcon.colcon_core.package_identification:_identify(runs/detect/train6/weights) by extensions ['ros']
[0.237s] Level 1:colcon.colcon_core.package_identification:_identify(runs/detect/train6/weights) by extension 'ros'
[0.237s] Level 1:colcon.colcon_core.package_identification:_identify(runs/detect/train6/weights) by extensions ['cmake', 'python']
[0.237s] Level 1:colcon.colcon_core.package_identification:_identify(runs/detect/train6/weights) by extension 'cmake'
[0.237s] Level 1:colcon.colcon_core.package_identification:_identify(runs/detect/train6/weights) by extension 'python'
[0.237s] Level 1:colcon.colcon_core.package_identification:_identify(runs/detect/train6/weights) by extensions ['python_setup_py']
[0.237s] Level 1:colcon.colcon_core.package_identification:_identify(runs/detect/train6/weights) by extension 'python_setup_py'
[0.237s] Level 1:colcon.colcon_core.package_identification:_identify(runs/detect/train7) by extensions ['ignore', 'ignore_ament_install']
[0.237s] Level 1:colcon.colcon_core.package_identification:_identify(runs/detect/train7) by extension 'ignore'
[0.238s] Level 1:colcon.colcon_core.package_identification:_identify(runs/detect/train7) by extension 'ignore_ament_install'
[0.238s] Level 1:colcon.colcon_core.package_identification:_identify(runs/detect/train7) by extensions ['colcon_pkg']
[0.238s] Level 1:colcon.colcon_core.package_identification:_identify(runs/detect/train7) by extension 'colcon_pkg'
[0.238s] Level 1:colcon.colcon_core.package_identification:_identify(runs/detect/train7) by extensions ['colcon_meta']
[0.238s] Level 1:colcon.colcon_core.package_identification:_identify(runs/detect/train7) by extension 'colcon_meta'
[0.238s] Level 1:colcon.colcon_core.package_identification:_identify(runs/detect/train7) by extensions ['ros']
[0.238s] Level 1:colcon.colcon_core.package_identification:_identify(runs/detect/train7) by extension 'ros'
[0.238s] Level 1:colcon.colcon_core.package_identification:_identify(runs/detect/train7) by extensions ['cmake', 'python']
[0.238s] Level 1:colcon.colcon_core.package_identification:_identify(runs/detect/train7) by extension 'cmake'
[0.238s] Level 1:colcon.colcon_core.package_identification:_identify(runs/detect/train7) by extension 'python'
[0.238s] Level 1:colcon.colcon_core.package_identification:_identify(runs/detect/train7) by extensions ['python_setup_py']
[0.238s] Level 1:colcon.colcon_core.package_identification:_identify(runs/detect/train7) by extension 'python_setup_py'
[0.238s] Level 1:colcon.colcon_core.package_identification:_identify(runs/detect/train7/weights) by extensions ['ignore', 'ignore_ament_install']
[0.238s] Level 1:colcon.colcon_core.package_identification:_identify(runs/detect/train7/weights) by extension 'ignore'
[0.238s] Level 1:colcon.colcon_core.package_identification:_identify(runs/detect/train7/weights) by extension 'ignore_ament_install'
[0.238s] Level 1:colcon.colcon_core.package_identification:_identify(runs/detect/train7/weights) by extensions ['colcon_pkg']
[0.238s] Level 1:colcon.colcon_core.package_identification:_identify(runs/detect/train7/weights) by extension 'colcon_pkg'
[0.238s] Level 1:colcon.colcon_core.package_identification:_identify(runs/detect/train7/weights) by extensions ['colcon_meta']
[0.238s] Level 1:colcon.colcon_core.package_identification:_identify(runs/detect/train7/weights) by extension 'colcon_meta'
[0.238s] Level 1:colcon.colcon_core.package_identification:_identify(runs/detect/train7/weights) by extensions ['ros']
[0.238s] Level 1:colcon.colcon_core.package_identification:_identify(runs/detect/train7/weights) by extension 'ros'
[0.238s] Level 1:colcon.colcon_core.package_identification:_identify(runs/detect/train7/weights) by extensions ['cmake', 'python']
[0.238s] Level 1:colcon.colcon_core.package_identification:_identify(runs/detect/train7/weights) by extension 'cmake'
[0.238s] Level 1:colcon.colcon_core.package_identification:_identify(runs/detect/train7/weights) by extension 'python'
[0.238s] Level 1:colcon.colcon_core.package_identification:_identify(runs/detect/train7/weights) by extensions ['python_setup_py']
[0.238s] Level 1:colcon.colcon_core.package_identification:_identify(runs/detect/train7/weights) by extension 'python_setup_py'
[0.238s] Level 1:colcon.colcon_core.package_identification:_identify(runs/detect/train8) by extensions ['ignore', 'ignore_ament_install']
[0.238s] Level 1:colcon.colcon_core.package_identification:_identify(runs/detect/train8) by extension 'ignore'
[0.238s] Level 1:colcon.colcon_core.package_identification:_identify(runs/detect/train8) by extension 'ignore_ament_install'
[0.238s] Level 1:colcon.colcon_core.package_identification:_identify(runs/detect/train8) by extensions ['colcon_pkg']
[0.238s] Level 1:colcon.colcon_core.package_identification:_identify(runs/detect/train8) by extension 'colcon_pkg'
[0.238s] Level 1:colcon.colcon_core.package_identification:_identify(runs/detect/train8) by extensions ['colcon_meta']
[0.239s] Level 1:colcon.colcon_core.package_identification:_identify(runs/detect/train8) by extension 'colcon_meta'
[0.239s] Level 1:colcon.colcon_core.package_identification:_identify(runs/detect/train8) by extensions ['ros']
[0.239s] Level 1:colcon.colcon_core.package_identification:_identify(runs/detect/train8) by extension 'ros'
[0.239s] Level 1:colcon.colcon_core.package_identification:_identify(runs/detect/train8) by extensions ['cmake', 'python']
[0.239s] Level 1:colcon.colcon_core.package_identification:_identify(runs/detect/train8) by extension 'cmake'
[0.239s] Level 1:colcon.colcon_core.package_identification:_identify(runs/detect/train8) by extension 'python'
[0.239s] Level 1:colcon.colcon_core.package_identification:_identify(runs/detect/train8) by extensions ['python_setup_py']
[0.239s] Level 1:colcon.colcon_core.package_identification:_identify(runs/detect/train8) by extension 'python_setup_py'
[0.239s] Level 1:colcon.colcon_core.package_identification:_identify(runs/detect/train8/weights) by extensions ['ignore', 'ignore_ament_install']
[0.239s] Level 1:colcon.colcon_core.package_identification:_identify(runs/detect/train8/weights) by extension 'ignore'
[0.239s] Level 1:colcon.colcon_core.package_identification:_identify(runs/detect/train8/weights) by extension 'ignore_ament_install'
[0.239s] Level 1:colcon.colcon_core.package_identification:_identify(runs/detect/train8/weights) by extensions ['colcon_pkg']
[0.239s] Level 1:colcon.colcon_core.package_identification:_identify(runs/detect/train8/weights) by extension 'colcon_pkg'
[0.239s] Level 1:colcon.colcon_core.package_identification:_identify(runs/detect/train8/weights) by extensions ['colcon_meta']
[0.239s] Level 1:colcon.colcon_core.package_identification:_identify(runs/detect/train8/weights) by extension 'colcon_meta'
[0.239s] Level 1:colcon.colcon_core.package_identification:_identify(runs/detect/train8/weights) by extensions ['ros']
[0.239s] Level 1:colcon.colcon_core.package_identification:_identify(runs/detect/train8/weights) by extension 'ros'
[0.239s] Level 1:colcon.colcon_core.package_identification:_identify(runs/detect/train8/weights) by extensions ['cmake', 'python']
[0.239s] Level 1:colcon.colcon_core.package_identification:_identify(runs/detect/train8/weights) by extension 'cmake'
[0.239s] Level 1:colcon.colcon_core.package_identification:_identify(runs/detect/train8/weights) by extension 'python'
[0.239s] Level 1:colcon.colcon_core.package_identification:_identify(runs/detect/train8/weights) by extensions ['python_setup_py']
[0.239s] Level 1:colcon.colcon_core.package_identification:_identify(runs/detect/train8/weights) by extension 'python_setup_py'
[0.239s] Level 1:colcon.colcon_core.package_identification:_identify(runs/detect/train9) by extensions ['ignore', 'ignore_ament_install']
[0.239s] Level 1:colcon.colcon_core.package_identification:_identify(runs/detect/train9) by extension 'ignore'
[0.239s] Level 1:colcon.colcon_core.package_identification:_identify(runs/detect/train9) by extension 'ignore_ament_install'
[0.239s] Level 1:colcon.colcon_core.package_identification:_identify(runs/detect/train9) by extensions ['colcon_pkg']
[0.239s] Level 1:colcon.colcon_core.package_identification:_identify(runs/detect/train9) by extension 'colcon_pkg'
[0.239s] Level 1:colcon.colcon_core.package_identification:_identify(runs/detect/train9) by extensions ['colcon_meta']
[0.239s] Level 1:colcon.colcon_core.package_identification:_identify(runs/detect/train9) by extension 'colcon_meta'
[0.239s] Level 1:colcon.colcon_core.package_identification:_identify(runs/detect/train9) by extensions ['ros']
[0.239s] Level 1:colcon.colcon_core.package_identification:_identify(runs/detect/train9) by extension 'ros'
[0.239s] Level 1:colcon.colcon_core.package_identification:_identify(runs/detect/train9) by extensions ['cmake', 'python']
[0.240s] Level 1:colcon.colcon_core.package_identification:_identify(runs/detect/train9) by extension 'cmake'
[0.240s] Level 1:colcon.colcon_core.package_identification:_identify(runs/detect/train9) by extension 'python'
[0.240s] Level 1:colcon.colcon_core.package_identification:_identify(runs/detect/train9) by extensions ['python_setup_py']
[0.240s] Level 1:colcon.colcon_core.package_identification:_identify(runs/detect/train9) by extension 'python_setup_py'
[0.240s] Level 1:colcon.colcon_core.package_identification:_identify(runs/detect/train9/weights) by extensions ['ignore', 'ignore_ament_install']
[0.240s] Level 1:colcon.colcon_core.package_identification:_identify(runs/detect/train9/weights) by extension 'ignore'
[0.240s] Level 1:colcon.colcon_core.package_identification:_identify(runs/detect/train9/weights) by extension 'ignore_ament_install'
[0.240s] Level 1:colcon.colcon_core.package_identification:_identify(runs/detect/train9/weights) by extensions ['colcon_pkg']
[0.240s] Level 1:colcon.colcon_core.package_identification:_identify(runs/detect/train9/weights) by extension 'colcon_pkg'
[0.240s] Level 1:colcon.colcon_core.package_identification:_identify(runs/detect/train9/weights) by extensions ['colcon_meta']
[0.240s] Level 1:colcon.colcon_core.package_identification:_identify(runs/detect/train9/weights) by extension 'colcon_meta'
[0.240s] Level 1:colcon.colcon_core.package_identification:_identify(runs/detect/train9/weights) by extensions ['ros']
[0.240s] Level 1:colcon.colcon_core.package_identification:_identify(runs/detect/train9/weights) by extension 'ros'
[0.240s] Level 1:colcon.colcon_core.package_identification:_identify(runs/detect/train9/weights) by extensions ['cmake', 'python']
[0.240s] Level 1:colcon.colcon_core.package_identification:_identify(runs/detect/train9/weights) by extension 'cmake'
[0.240s] Level 1:colcon.colcon_core.package_identification:_identify(runs/detect/train9/weights) by extension 'python'
[0.240s] Level 1:colcon.colcon_core.package_identification:_identify(runs/detect/train9/weights) by extensions ['python_setup_py']
[0.240s] Level 1:colcon.colcon_core.package_identification:_identify(runs/detect/train9/weights) by extension 'python_setup_py'
[0.240s] Level 1:colcon.colcon_core.package_identification:_identify(src) by extensions ['ignore', 'ignore_ament_install']
[0.240s] Level 1:colcon.colcon_core.package_identification:_identify(src) by extension 'ignore'
[0.240s] Level 1:colcon.colcon_core.package_identification:_identify(src) by extension 'ignore_ament_install'
[0.240s] Level 1:colcon.colcon_core.package_identification:_identify(src) by extensions ['colcon_pkg']
[0.240s] Level 1:colcon.colcon_core.package_identification:_identify(src) by extension 'colcon_pkg'
[0.240s] Level 1:colcon.colcon_core.package_identification:_identify(src) by extensions ['colcon_meta']
[0.240s] Level 1:colcon.colcon_core.package_identification:_identify(src) by extension 'colcon_meta'
[0.240s] Level 1:colcon.colcon_core.package_identification:_identify(src) by extensions ['ros']
[0.240s] Level 1:colcon.colcon_core.package_identification:_identify(src) by extension 'ros'
[0.240s] Level 1:colcon.colcon_core.package_identification:_identify(src) by extensions ['cmake', 'python']
[0.240s] Level 1:colcon.colcon_core.package_identification:_identify(src) by extension 'cmake'
[0.240s] Level 1:colcon.colcon_core.package_identification:_identify(src) by extension 'python'
[0.240s] Level 1:colcon.colcon_core.package_identification:_identify(src) by extensions ['python_setup_py']
[0.240s] Level 1:colcon.colcon_core.package_identification:_identify(src) by extension 'python_setup_py'
[0.241s] Level 1:colcon.colcon_core.package_identification:_identify(src/smart_factory) by extensions ['ignore', 'ignore_ament_install']
[0.241s] Level 1:colcon.colcon_core.package_identification:_identify(src/smart_factory) by extension 'ignore'
[0.241s] Level 1:colcon.colcon_core.package_identification:_identify(src/smart_factory) by extension 'ignore_ament_install'
[0.241s] Level 1:colcon.colcon_core.package_identification:_identify(src/smart_factory) by extensions ['colcon_pkg']
[0.241s] Level 1:colcon.colcon_core.package_identification:_identify(src/smart_factory) by extension 'colcon_pkg'
[0.241s] Level 1:colcon.colcon_core.package_identification:_identify(src/smart_factory) by extensions ['colcon_meta']
[0.241s] Level 1:colcon.colcon_core.package_identification:_identify(src/smart_factory) by extension 'colcon_meta'
[0.241s] Level 1:colcon.colcon_core.package_identification:_identify(src/smart_factory) by extensions ['ros']
[0.241s] Level 1:colcon.colcon_core.package_identification:_identify(src/smart_factory) by extension 'ros'
[0.243s] DEBUG:colcon.colcon_core.package_identification:Package 'src/smart_factory' with type 'ros.ament_python' and name 'smart_factory'
[0.243s] Level 1:colcon.colcon_core.package_identification:_identify(src/smart_factory_bringup) by extensions ['ignore', 'ignore_ament_install']
[0.243s] Level 1:colcon.colcon_core.package_identification:_identify(src/smart_factory_bringup) by extension 'ignore'
[0.243s] Level 1:colcon.colcon_core.package_identification:_identify(src/smart_factory_bringup) by extension 'ignore_ament_install'
[0.243s] Level 1:colcon.colcon_core.package_identification:_identify(src/smart_factory_bringup) by extensions ['colcon_pkg']
[0.243s] Level 1:colcon.colcon_core.package_identification:_identify(src/smart_factory_bringup) by extension 'colcon_pkg'
[0.243s] Level 1:colcon.colcon_core.package_identification:_identify(src/smart_factory_bringup) by extensions ['colcon_meta']
[0.243s] Level 1:colcon.colcon_core.package_identification:_identify(src/smart_factory_bringup) by extension 'colcon_meta'
[0.243s] Level 1:colcon.colcon_core.package_identification:_identify(src/smart_factory_bringup) by extensions ['ros']
[0.243s] Level 1:colcon.colcon_core.package_identification:_identify(src/smart_factory_bringup) by extension 'ros'
[0.243s] DEBUG:colcon.colcon_core.package_identification:Package 'src/smart_factory_bringup' with type 'ros.ament_python' and name 'smart_factory_bringup'
[0.244s] Level 1:colcon.colcon_core.package_identification:_identify(src/smart_factory_services) by extensions ['ignore', 'ignore_ament_install']
[0.244s] Level 1:colcon.colcon_core.package_identification:_identify(src/smart_factory_services) by extension 'ignore'
[0.244s] Level 1:colcon.colcon_core.package_identification:_identify(src/smart_factory_services) by extension 'ignore_ament_install'
[0.244s] Level 1:colcon.colcon_core.package_identification:_identify(src/smart_factory_services) by extensions ['colcon_pkg']
[0.244s] Level 1:colcon.colcon_core.package_identification:_identify(src/smart_factory_services) by extension 'colcon_pkg'
[0.244s] Level 1:colcon.colcon_core.package_identification:_identify(src/smart_factory_services) by extensions ['colcon_meta']
[0.244s] Level 1:colcon.colcon_core.package_identification:_identify(src/smart_factory_services) by extension 'colcon_meta'
[0.244s] Level 1:colcon.colcon_core.package_identification:_identify(src/smart_factory_services) by extensions ['ros']
[0.244s] Level 1:colcon.colcon_core.package_identification:_identify(src/smart_factory_services) by extension 'ros'
[0.244s] DEBUG:colcon.colcon_core.package_identification:Package 'src/smart_factory_services' with type 'ros.ament_cmake' and name 'smart_factory_services'
[0.244s] Level 1:colcon.colcon_core.package_identification:_identify(src/smart_factory_simulations) by extensions ['ignore', 'ignore_ament_install']
[0.244s] Level 1:colcon.colcon_core.package_identification:_identify(src/smart_factory_simulations) by extension 'ignore'
[0.244s] Level 1:colcon.colcon_core.package_identification:_identify(src/smart_factory_simulations) by extension 'ignore_ament_install'
[0.244s] Level 1:colcon.colcon_core.package_identification:_identify(src/smart_factory_simulations) by extensions ['colcon_pkg']
[0.244s] Level 1:colcon.colcon_core.package_identification:_identify(src/smart_factory_simulations) by extension 'colcon_pkg'
[0.244s] Level 1:colcon.colcon_core.package_identification:_identify(src/smart_factory_simulations) by extensions ['colcon_meta']
[0.244s] Level 1:colcon.colcon_core.package_identification:_identify(src/smart_factory_simulations) by extension 'colcon_meta'
[0.244s] Level 1:colcon.colcon_core.package_identification:_identify(src/smart_factory_simulations) by extensions ['ros']
[0.244s] Level 1:colcon.colcon_core.package_identification:_identify(src/smart_factory_simulations) by extension 'ros'
[0.245s] DEBUG:colcon.colcon_core.package_identification:Package 'src/smart_factory_simulations' with type 'ros.ament_python' and name 'smart_factory_simulations'
[0.245s] Level 1:colcon.colcon_core.package_identification:_identify(src/turtlebot3_multi_robot) by extensions ['ignore', 'ignore_ament_install']
[0.245s] Level 1:colcon.colcon_core.package_identification:_identify(src/turtlebot3_multi_robot) by extension 'ignore'
[0.245s] Level 1:colcon.colcon_core.package_identification:_identify(src/turtlebot3_multi_robot) by extension 'ignore_ament_install'
[0.245s] Level 1:colcon.colcon_core.package_identification:_identify(src/turtlebot3_multi_robot) by extensions ['colcon_pkg']
[0.245s] Level 1:colcon.colcon_core.package_identification:_identify(src/turtlebot3_multi_robot) by extension 'colcon_pkg'
[0.245s] Level 1:colcon.colcon_core.package_identification:_identify(src/turtlebot3_multi_robot) by extensions ['colcon_meta']
[0.245s] Level 1:colcon.colcon_core.package_identification:_identify(src/turtlebot3_multi_robot) by extension 'colcon_meta'
[0.245s] Level 1:colcon.colcon_core.package_identification:_identify(src/turtlebot3_multi_robot) by extensions ['ros']
[0.245s] Level 1:colcon.colcon_core.package_identification:_identify(src/turtlebot3_multi_robot) by extension 'ros'
[0.246s] DEBUG:colcon.colcon_core.package_identification:Package 'src/turtlebot3_multi_robot' with type 'ros.ament_cmake' and name 'turtlebot3_multi_robot'
[0.246s] Level 1:colcon.colcon_core.package_discovery:discover_packages(recursive) using defaults
[0.246s] Level 1:colcon.colcon_core.package_discovery:discover_packages(ignore) discover
[0.246s] Level 1:colcon.colcon_core.package_discovery:discover_packages(ignore) using defaults
[0.246s] Level 1:colcon.colcon_core.package_discovery:discover_packages(path) discover
[0.246s] Level 1:colcon.colcon_core.package_discovery:discover_packages(path) using defaults
[0.261s] Level 1:colcon.colcon_core.package_discovery:discover_packages(prefix_path) check parameters
[0.261s] Level 1:colcon.colcon_core.package_discovery:discover_packages(prefix_path) discover
[0.262s] DEBUG:colcon.colcon_installed_package_information.package_discovery:Found 5 installed packages in /home/prethivi/ros2_ws/Smart_Factory/smart_factory_ws/install
[0.263s] DEBUG:colcon.colcon_installed_package_information.package_discovery:Found 392 installed packages in /opt/ros/humble
[0.265s] Level 1:colcon.colcon_core.package_discovery:discover_packages(prefix_path) using defaults
[0.297s] Level 5:colcon.colcon_core.verb:set package 'smart_factory_services' build argument 'cmake_args' from command line to 'None'
[0.297s] Level 5:colcon.colcon_core.verb:set package 'smart_factory_services' build argument 'cmake_target' from command line to 'None'
[0.297s] Level 5:colcon.colcon_core.verb:set package 'smart_factory_services' build argument 'cmake_target_skip_unavailable' from command line to 'False'
[0.297s] Level 5:colcon.colcon_core.verb:set package 'smart_factory_services' build argument 'cmake_clean_cache' from command line to 'False'
[0.297s] Level 5:colcon.colcon_core.verb:set package 'smart_factory_services' build argument 'cmake_clean_first' from command line to 'False'
[0.297s] Level 5:colcon.colcon_core.verb:set package 'smart_factory_services' build argument 'cmake_force_configure' from command line to 'False'
[0.297s] Level 5:colcon.colcon_core.verb:set package 'smart_factory_services' build argument 'ament_cmake_args' from command line to 'None'
[0.297s] Level 5:colcon.colcon_core.verb:set package 'smart_factory_services' build argument 'catkin_cmake_args' from command line to 'None'
[0.297s] Level 5:colcon.colcon_core.verb:set package 'smart_factory_services' build argument 'catkin_skip_building_tests' from command line to 'False'
[0.298s] DEBUG:colcon.colcon_core.verb:Building package 'smart_factory_services' with the following arguments: {'ament_cmake_args': None, 'build_base': '/home/prethivi/ros2_ws/Smart_Factory/smart_factory_ws/build/smart_factory_services', 'catkin_cmake_args': None, 'catkin_skip_building_tests': False, 'cmake_args': None, 'cmake_clean_cache': False, 'cmake_clean_first': False, 'cmake_force_configure': False, 'cmake_target': None, 'cmake_target_skip_unavailable': False, 'install_base': '/home/prethivi/ros2_ws/Smart_Factory/smart_factory_ws/install/smart_factory_services', 'merge_install': False, 'path': '/home/prethivi/ros2_ws/Smart_Factory/smart_factory_ws/src/smart_factory_services', 'symlink_install': False, 'test_result_base': None}
[0.298s] Level 5:colcon.colcon_core.verb:set package 'turtlebot3_multi_robot' build argument 'cmake_args' from command line to 'None'
[0.298s] Level 5:colcon.colcon_core.verb:set package 'turtlebot3_multi_robot' build argument 'cmake_target' from command line to 'None'
[0.298s] Level 5:colcon.colcon_core.verb:set package 'turtlebot3_multi_robot' build argument 'cmake_target_skip_unavailable' from command line to 'False'
[0.298s] Level 5:colcon.colcon_core.verb:set package 'turtlebot3_multi_robot' build argument 'cmake_clean_cache' from command line to 'False'
[0.298s] Level 5:colcon.colcon_core.verb:set package 'turtlebot3_multi_robot' build argument 'cmake_clean_first' from command line to 'False'
[0.298s] Level 5:colcon.colcon_core.verb:set package 'turtlebot3_multi_robot' build argument 'cmake_force_configure' from command line to 'False'
[0.298s] Level 5:colcon.colcon_core.verb:set package 'turtlebot3_multi_robot' build argument 'ament_cmake_args' from command line to 'None'
[0.298s] Level 5:colcon.colcon_core.verb:set package 'turtlebot3_multi_robot' build argument 'catkin_cmake_args' from command line to 'None'
[0.298s] Level 5:colcon.colcon_core.verb:set package 'turtlebot3_multi_robot' build argument 'catkin_skip_building_tests' from command line to 'False'
[0.298s] DEBUG:colcon.colcon_core.verb:Building package 'turtlebot3_multi_robot' with the following arguments: {'ament_cmake_args': None, 'build_base': '/home/prethivi/ros2_ws/Smart_Factory/smart_factory_ws/build/turtlebot3_multi_robot', 'catkin_cmake_args': None, 'catkin_skip_building_tests': False, 'cmake_args': None, 'cmake_clean_cache': False, 'cmake_clean_first': False, 'cmake_force_configure': False, 'cmake_target': None, 'cmake_target_skip_unavailable': False, 'install_base': '/home/prethivi/ros2_ws/Smart_Factory/smart_factory_ws/install/turtlebot3_multi_robot', 'merge_install': False, 'path': '/home/prethivi/ros2_ws/Smart_Factory/smart_factory_ws/src/turtlebot3_multi_robot', 'symlink_install': False, 'test_result_base': None}
[0.298s] Level 5:colcon.colcon_core.verb:set package 'smart_factory' build argument 'cmake_args' from command line to 'None'
[0.298s] Level 5:colcon.colcon_core.verb:set package 'smart_factory' build argument 'cmake_target' from command line to 'None'
[0.298s] Level 5:colcon.colcon_core.verb:set package 'smart_factory' build argument 'cmake_target_skip_unavailable' from command line to 'False'
[0.298s] Level 5:colcon.colcon_core.verb:set package 'smart_factory' build argument 'cmake_clean_cache' from command line to 'False'
[0.298s] Level 5:colcon.colcon_core.verb:set package 'smart_factory' build argument 'cmake_clean_first' from command line to 'False'
[0.298s] Level 5:colcon.colcon_core.verb:set package 'smart_factory' build argument 'cmake_force_configure' from command line to 'False'
[0.298s] Level 5:colcon.colcon_core.verb:set package 'smart_factory' build argument 'ament_cmake_args' from command line to 'None'
[0.298s] Level 5:colcon.colcon_core.verb:set package 'smart_factory' build argument 'catkin_cmake_args' from command line to 'None'
[0.298s] Level 5:colcon.colcon_core.verb:set package 'smart_factory' build argument 'catkin_skip_building_tests' from command line to 'False'
[0.298s] DEBUG:colcon.colcon_core.verb:Building package 'smart_factory' with the following arguments: {'ament_cmake_args': None, 'build_base': '/home/prethivi/ros2_ws/Smart_Factory/smart_factory_ws/build/smart_factory', 'catkin_cmake_args': None, 'catkin_skip_building_tests': False, 'cmake_args': None, 'cmake_clean_cache': False, 'cmake_clean_first': False, 'cmake_force_configure': False, 'cmake_target': None, 'cmake_target_skip_unavailable': False, 'install_base': '/home/prethivi/ros2_ws/Smart_Factory/smart_factory_ws/install/smart_factory', 'merge_install': False, 'path': '/home/prethivi/ros2_ws/Smart_Factory/smart_factory_ws/src/smart_factory', 'symlink_install': False, 'test_result_base': None}
[0.299s] Level 5:colcon.colcon_core.verb:set package 'smart_factory_bringup' build argument 'cmake_args' from command line to 'None'
[0.299s] Level 5:colcon.colcon_core.verb:set package 'smart_factory_bringup' build argument 'cmake_target' from command line to 'None'
[0.299s] Level 5:colcon.colcon_core.verb:set package 'smart_factory_bringup' build argument 'cmake_target_skip_unavailable' from command line to 'False'
[0.299s] Level 5:colcon.colcon_core.verb:set package 'smart_factory_bringup' build argument 'cmake_clean_cache' from command line to 'False'
[0.299s] Level 5:colcon.colcon_core.verb:set package 'smart_factory_bringup' build argument 'cmake_clean_first' from command line to 'False'
[0.299s] Level 5:colcon.colcon_core.verb:set package 'smart_factory_bringup' build argument 'cmake_force_configure' from command line to 'False'
[0.299s] Level 5:colcon.colcon_core.verb:set package 'smart_factory_bringup' build argument 'ament_cmake_args' from command line to 'None'
[0.299s] Level 5:colcon.colcon_core.verb:set package 'smart_factory_bringup' build argument 'catkin_cmake_args' from command line to 'None'
[0.299s] Level 5:colcon.colcon_core.verb:set package 'smart_factory_bringup' build argument 'catkin_skip_building_tests' from command line to 'False'
[0.299s] DEBUG:colcon.colcon_core.verb:Building package 'smart_factory_bringup' with the following arguments: {'ament_cmake_args': None, 'build_base': '/home/prethivi/ros2_ws/Smart_Factory/smart_factory_ws/build/smart_factory_bringup', 'catkin_cmake_args': None, 'catkin_skip_building_tests': False, 'cmake_args': None, 'cmake_clean_cache': False, 'cmake_clean_first': False, 'cmake_force_configure': False, 'cmake_target': None, 'cmake_target_skip_unavailable': False, 'install_base': '/home/prethivi/ros2_ws/Smart_Factory/smart_factory_ws/install/smart_factory_bringup', 'merge_install': False, 'path': '/home/prethivi/ros2_ws/Smart_Factory/smart_factory_ws/src/smart_factory_bringup', 'symlink_install': False, 'test_result_base': None}
[0.299s] Level 5:colcon.colcon_core.verb:set package 'smart_factory_simulations' build argument 'cmake_args' from command line to 'None'
[0.299s] Level 5:colcon.colcon_core.verb:set package 'smart_factory_simulations' build argument 'cmake_target' from command line to 'None'
[0.299s] Level 5:colcon.colcon_core.verb:set package 'smart_factory_simulations' build argument 'cmake_target_skip_unavailable' from command line to 'False'
[0.299s] Level 5:colcon.colcon_core.verb:set package 'smart_factory_simulations' build argument 'cmake_clean_cache' from command line to 'False'
[0.299s] Level 5:colcon.colcon_core.verb:set package 'smart_factory_simulations' build argument 'cmake_clean_first' from command line to 'False'
[0.299s] Level 5:colcon.colcon_core.verb:set package 'smart_factory_simulations' build argument 'cmake_force_configure' from command line to 'False'
[0.299s] Level 5:colcon.colcon_core.verb:set package 'smart_factory_simulations' build argument 'ament_cmake_args' from command line to 'None'
[0.299s] Level 5:colcon.colcon_core.verb:set package 'smart_factory_simulations' build argument 'catkin_cmake_args' from command line to 'None'
[0.299s] Level 5:colcon.colcon_core.verb:set package 'smart_factory_simulations' build argument 'catkin_skip_building_tests' from command line to 'False'
[0.299s] DEBUG:colcon.colcon_core.verb:Building package 'smart_factory_simulations' with the following arguments: {'ament_cmake_args': None, 'build_base': '/home/prethivi/ros2_ws/Smart_Factory/smart_factory_ws/build/smart_factory_simulations', 'catkin_cmake_args': None, 'catkin_skip_building_tests': False, 'cmake_args': None, 'cmake_clean_cache': False, 'cmake_clean_first': False, 'cmake_force_configure': False, 'cmake_target': None, 'cmake_target_skip_unavailable': False, 'install_base': '/home/prethivi/ros2_ws/Smart_Factory/smart_factory_ws/install/smart_factory_simulations', 'merge_install': False, 'path': '/home/prethivi/ros2_ws/Smart_Factory/smart_factory_ws/src/smart_factory_simulations', 'symlink_install': False, 'test_result_base': None}
[0.299s] INFO:colcon.colcon_core.executor:Executing jobs using 'parallel' executor
[0.300s] DEBUG:colcon.colcon_parallel_executor.executor.parallel:run_until_complete
[0.300s] INFO:colcon.colcon_ros.task.ament_cmake.build:Building ROS package in '/home/prethivi/ros2_ws/Smart_Factory/smart_factory_ws/src/smart_factory_services' with build type 'ament_cmake'
[0.300s] INFO:colcon.colcon_cmake.task.cmake.build:Building CMake package in '/home/prethivi/ros2_ws/Smart_Factory/smart_factory_ws/src/smart_factory_services'
[0.302s] INFO:colcon.colcon_core.plugin_system:Skipping extension 'colcon_core.shell.bat': Not used on non-Windows systems
[0.302s] INFO:colcon.colcon_core.shell:Skip shell extension 'powershell' for command environment: Not usable outside of PowerShell
[0.302s] DEBUG:colcon.colcon_core.shell:Skip shell extension 'dsv' for command environment
[0.305s] INFO:colcon.colcon_ros.task.ament_cmake.build:Building ROS package in '/home/prethivi/ros2_ws/Smart_Factory/smart_factory_ws/src/turtlebot3_multi_robot' with build type 'ament_cmake'
[0.305s] INFO:colcon.colcon_cmake.task.cmake.build:Building CMake package in '/home/prethivi/ros2_ws/Smart_Factory/smart_factory_ws/src/turtlebot3_multi_robot'
[0.306s] INFO:colcon.colcon_core.shell:Skip shell extension 'powershell' for command environment: Not usable outside of PowerShell
[0.306s] DEBUG:colcon.colcon_core.shell:Skip shell extension 'dsv' for command environment
[0.317s] DEBUG:colcon.colcon_core.event_handler.log_command:Invoking command in '/home/prethivi/ros2_ws/Smart_Factory/smart_factory_ws/build/smart_factory_services': CMAKE_PREFIX_PATH=${CMAKE_PREFIX_PATH}:/home/prethivi/ros2_ws/Smart_Factory/smart_factory_ws/install/smart_factory_simulations:/home/prethivi/ros2_ws/Smart_Factory/smart_factory_ws/install/smart_factory_bringup:/home/prethivi/ros2_ws/Smart_Factory/smart_factory_ws/install/smart_factory:/opt/ros/humble /usr/bin/cmake --build /home/prethivi/ros2_ws/Smart_Factory/smart_factory_ws/build/smart_factory_services -- -j16 -l16
[0.320s] DEBUG:colcon.colcon_core.event_handler.log_command:Invoking command in '/home/prethivi/ros2_ws/Smart_Factory/smart_factory_ws/build/turtlebot3_multi_robot': CMAKE_PREFIX_PATH=${CMAKE_PREFIX_PATH}:/home/prethivi/ros2_ws/Smart_Factory/smart_factory_ws/install/smart_factory_simulations:/home/prethivi/ros2_ws/Smart_Factory/smart_factory_ws/install/smart_factory_bringup:/home/prethivi/ros2_ws/Smart_Factory/smart_factory_ws/install/smart_factory:/opt/ros/humble /usr/bin/cmake --build /home/prethivi/ros2_ws/Smart_Factory/smart_factory_ws/build/turtlebot3_multi_robot -- -j16 -l16
[0.369s] DEBUG:colcon.colcon_core.event_handler.log_command:Invoked command in '/home/prethivi/ros2_ws/Smart_Factory/smart_factory_ws/build/turtlebot3_multi_robot' returned '0': CMAKE_PREFIX_PATH=${CMAKE_PREFIX_PATH}:/home/prethivi/ros2_ws/Smart_Factory/smart_factory_ws/install/smart_factory_simulations:/home/prethivi/ros2_ws/Smart_Factory/smart_factory_ws/install/smart_factory_bringup:/home/prethivi/ros2_ws/Smart_Factory/smart_factory_ws/install/smart_factory:/opt/ros/humble /usr/bin/cmake --build /home/prethivi/ros2_ws/Smart_Factory/smart_factory_ws/build/turtlebot3_multi_robot -- -j16 -l16
[0.381s] DEBUG:colcon.colcon_core.event_handler.log_command:Invoking command in '/home/prethivi/ros2_ws/Smart_Factory/smart_factory_ws/build/turtlebot3_multi_robot': CMAKE_PREFIX_PATH=${CMAKE_PREFIX_PATH}:/home/prethivi/ros2_ws/Smart_Factory/smart_factory_ws/install/smart_factory_simulations:/home/prethivi/ros2_ws/Smart_Factory/smart_factory_ws/install/smart_factory_bringup:/home/prethivi/ros2_ws/Smart_Factory/smart_factory_ws/install/smart_factory:/opt/ros/humble /usr/bin/cmake --install /home/prethivi/ros2_ws/Smart_Factory/smart_factory_ws/build/turtlebot3_multi_robot
[0.410s] Level 1:colcon.colcon_core.environment:create_environment_scripts_only(turtlebot3_multi_robot)
[0.411s] DEBUG:colcon.colcon_core.event_handler.log_command:Invoked command in '/home/prethivi/ros2_ws/Smart_Factory/smart_factory_ws/build/turtlebot3_multi_robot' returned '0': CMAKE_PREFIX_PATH=${CMAKE_PREFIX_PATH}:/home/prethivi/ros2_ws/Smart_Factory/smart_factory_ws/install/smart_factory_simulations:/home/prethivi/ros2_ws/Smart_Factory/smart_factory_ws/install/smart_factory_bringup:/home/prethivi/ros2_ws/Smart_Factory/smart_factory_ws/install/smart_factory:/opt/ros/humble /usr/bin/cmake --install /home/prethivi/ros2_ws/Smart_Factory/smart_factory_ws/build/turtlebot3_multi_robot
[0.414s] Level 1:colcon.colcon_core.environment:checking '/home/prethivi/ros2_ws/Smart_Factory/smart_factory_ws/install/turtlebot3_multi_robot' for CMake module files
[0.415s] Level 1:colcon.colcon_core.environment:checking '/home/prethivi/ros2_ws/Smart_Factory/smart_factory_ws/install/turtlebot3_multi_robot' for CMake config files
[0.416s] Level 1:colcon.colcon_core.shell:create_environment_hook('turtlebot3_multi_robot', 'cmake_prefix_path')
[0.416s] INFO:colcon.colcon_core.shell:Creating environment hook '/home/prethivi/ros2_ws/Smart_Factory/smart_factory_ws/install/turtlebot3_multi_robot/share/turtlebot3_multi_robot/hook/cmake_prefix_path.ps1'
[0.417s] INFO:colcon.colcon_core.shell:Creating environment descriptor '/home/prethivi/ros2_ws/Smart_Factory/smart_factory_ws/install/turtlebot3_multi_robot/share/turtlebot3_multi_robot/hook/cmake_prefix_path.dsv'
[0.418s] INFO:colcon.colcon_core.shell:Creating environment hook '/home/prethivi/ros2_ws/Smart_Factory/smart_factory_ws/install/turtlebot3_multi_robot/share/turtlebot3_multi_robot/hook/cmake_prefix_path.sh'
[0.419s] Level 1:colcon.colcon_core.environment:checking '/home/prethivi/ros2_ws/Smart_Factory/smart_factory_ws/install/turtlebot3_multi_robot/bin'
[0.419s] Level 1:colcon.colcon_core.environment:checking '/home/prethivi/ros2_ws/Smart_Factory/smart_factory_ws/install/turtlebot3_multi_robot/lib/pkgconfig/turtlebot3_multi_robot.pc'
[0.420s] Level 1:colcon.colcon_core.environment:checking '/home/prethivi/ros2_ws/Smart_Factory/smart_factory_ws/install/turtlebot3_multi_robot/lib/python3.10/site-packages'
[0.420s] Level 1:colcon.colcon_core.environment:checking '/home/prethivi/ros2_ws/Smart_Factory/smart_factory_ws/install/turtlebot3_multi_robot/bin'
[0.420s] INFO:colcon.colcon_core.shell:Creating package script '/home/prethivi/ros2_ws/Smart_Factory/smart_factory_ws/install/turtlebot3_multi_robot/share/turtlebot3_multi_robot/package.ps1'
[0.421s] INFO:colcon.colcon_core.shell:Creating package descriptor '/home/prethivi/ros2_ws/Smart_Factory/smart_factory_ws/install/turtlebot3_multi_robot/share/turtlebot3_multi_robot/package.dsv'
[0.422s] INFO:colcon.colcon_core.shell:Creating package script '/home/prethivi/ros2_ws/Smart_Factory/smart_factory_ws/install/turtlebot3_multi_robot/share/turtlebot3_multi_robot/package.sh'
[0.423s] INFO:colcon.colcon_core.shell:Creating package script '/home/prethivi/ros2_ws/Smart_Factory/smart_factory_ws/install/turtlebot3_multi_robot/share/turtlebot3_multi_robot/package.bash'
[0.424s] INFO:colcon.colcon_core.shell:Creating package script '/home/prethivi/ros2_ws/Smart_Factory/smart_factory_ws/install/turtlebot3_multi_robot/share/turtlebot3_multi_robot/package.zsh'
[0.425s] Level 1:colcon.colcon_core.environment:create_file_with_runtime_dependencies(/home/prethivi/ros2_ws/Smart_Factory/smart_factory_ws/install/turtlebot3_multi_robot/share/colcon-core/packages/turtlebot3_multi_robot)
[0.426s] Level 1:colcon.colcon_core.environment:create_environment_scripts_only(turtlebot3_multi_robot)
[0.426s] Level 1:colcon.colcon_core.environment:checking '/home/prethivi/ros2_ws/Smart_Factory/smart_factory_ws/install/turtlebot3_multi_robot' for CMake module files
[0.427s] Level 1:colcon.colcon_core.environment:checking '/home/prethivi/ros2_ws/Smart_Factory/smart_factory_ws/install/turtlebot3_multi_robot' for CMake config files
[0.427s] Level 1:colcon.colcon_core.shell:create_environment_hook('turtlebot3_multi_robot', 'cmake_prefix_path')
[0.428s] INFO:colcon.colcon_core.shell:Creating environment hook '/home/prethivi/ros2_ws/Smart_Factory/smart_factory_ws/install/turtlebot3_multi_robot/share/turtlebot3_multi_robot/hook/cmake_prefix_path.ps1'
[0.428s] INFO:colcon.colcon_core.shell:Creating environment descriptor '/home/prethivi/ros2_ws/Smart_Factory/smart_factory_ws/install/turtlebot3_multi_robot/share/turtlebot3_multi_robot/hook/cmake_prefix_path.dsv'
[0.429s] INFO:colcon.colcon_core.shell:Creating environment hook '/home/prethivi/ros2_ws/Smart_Factory/smart_factory_ws/install/turtlebot3_multi_robot/share/turtlebot3_multi_robot/hook/cmake_prefix_path.sh'
[0.429s] Level 1:colcon.colcon_core.environment:checking '/home/prethivi/ros2_ws/Smart_Factory/smart_factory_ws/install/turtlebot3_multi_robot/bin'
[0.429s] Level 1:colcon.colcon_core.environment:checking '/home/prethivi/ros2_ws/Smart_Factory/smart_factory_ws/install/turtlebot3_multi_robot/lib/pkgconfig/turtlebot3_multi_robot.pc'
[0.430s] Level 1:colcon.colcon_core.environment:checking '/home/prethivi/ros2_ws/Smart_Factory/smart_factory_ws/install/turtlebot3_multi_robot/lib/python3.10/site-packages'
[0.430s] Level 1:colcon.colcon_core.environment:checking '/home/prethivi/ros2_ws/Smart_Factory/smart_factory_ws/install/turtlebot3_multi_robot/bin'
[0.430s] INFO:colcon.colcon_core.shell:Creating package script '/home/prethivi/ros2_ws/Smart_Factory/smart_factory_ws/install/turtlebot3_multi_robot/share/turtlebot3_multi_robot/package.ps1'
[0.431s] INFO:colcon.colcon_core.shell:Creating package descriptor '/home/prethivi/ros2_ws/Smart_Factory/smart_factory_ws/install/turtlebot3_multi_robot/share/turtlebot3_multi_robot/package.dsv'
[0.431s] INFO:colcon.colcon_core.shell:Creating package script '/home/prethivi/ros2_ws/Smart_Factory/smart_factory_ws/install/turtlebot3_multi_robot/share/turtlebot3_multi_robot/package.sh'
[0.432s] INFO:colcon.colcon_core.shell:Creating package script '/home/prethivi/ros2_ws/Smart_Factory/smart_factory_ws/install/turtlebot3_multi_robot/share/turtlebot3_multi_robot/package.bash'
[0.432s] INFO:colcon.colcon_core.shell:Creating package script '/home/prethivi/ros2_ws/Smart_Factory/smart_factory_ws/install/turtlebot3_multi_robot/share/turtlebot3_multi_robot/package.zsh'
[0.433s] Level 1:colcon.colcon_core.environment:create_file_with_runtime_dependencies(/home/prethivi/ros2_ws/Smart_Factory/smart_factory_ws/install/turtlebot3_multi_robot/share/colcon-core/packages/turtlebot3_multi_robot)
[0.689s] DEBUG:colcon.colcon_core.event_handler.log_command:Invoked command in '/home/prethivi/ros2_ws/Smart_Factory/smart_factory_ws/build/smart_factory_services' returned '0': CMAKE_PREFIX_PATH=${CMAKE_PREFIX_PATH}:/home/prethivi/ros2_ws/Smart_Factory/smart_factory_ws/install/smart_factory_simulations:/home/prethivi/ros2_ws/Smart_Factory/smart_factory_ws/install/smart_factory_bringup:/home/prethivi/ros2_ws/Smart_Factory/smart_factory_ws/install/smart_factory:/opt/ros/humble /usr/bin/cmake --build /home/prethivi/ros2_ws/Smart_Factory/smart_factory_ws/build/smart_factory_services -- -j16 -l16
[0.692s] DEBUG:colcon.colcon_core.event_handler.log_command:Invoking command in '/home/prethivi/ros2_ws/Smart_Factory/smart_factory_ws/build/smart_factory_services': CMAKE_PREFIX_PATH=${CMAKE_PREFIX_PATH}:/home/prethivi/ros2_ws/Smart_Factory/smart_factory_ws/install/smart_factory_simulations:/home/prethivi/ros2_ws/Smart_Factory/smart_factory_ws/install/smart_factory_bringup:/home/prethivi/ros2_ws/Smart_Factory/smart_factory_ws/install/smart_factory:/opt/ros/humble /usr/bin/cmake --install /home/prethivi/ros2_ws/Smart_Factory/smart_factory_ws/build/smart_factory_services
[0.779s] Level 1:colcon.colcon_core.environment:create_environment_scripts_only(smart_factory_services)
[0.780s] DEBUG:colcon.colcon_core.event_handler.log_command:Invoked command in '/home/prethivi/ros2_ws/Smart_Factory/smart_factory_ws/build/smart_factory_services' returned '0': CMAKE_PREFIX_PATH=${CMAKE_PREFIX_PATH}:/home/prethivi/ros2_ws/Smart_Factory/smart_factory_ws/install/smart_factory_simulations:/home/prethivi/ros2_ws/Smart_Factory/smart_factory_ws/install/smart_factory_bringup:/home/prethivi/ros2_ws/Smart_Factory/smart_factory_ws/install/smart_factory:/opt/ros/humble /usr/bin/cmake --install /home/prethivi/ros2_ws/Smart_Factory/smart_factory_ws/build/smart_factory_services
[0.780s] Level 1:colcon.colcon_core.environment:checking '/home/prethivi/ros2_ws/Smart_Factory/smart_factory_ws/install/smart_factory_services' for CMake module files
[0.781s] Level 1:colcon.colcon_core.environment:checking '/home/prethivi/ros2_ws/Smart_Factory/smart_factory_ws/install/smart_factory_services' for CMake config files
[0.781s] Level 1:colcon.colcon_core.shell:create_environment_hook('smart_factory_services', 'cmake_prefix_path')
[0.781s] INFO:colcon.colcon_core.shell:Creating environment hook '/home/prethivi/ros2_ws/Smart_Factory/smart_factory_ws/install/smart_factory_services/share/smart_factory_services/hook/cmake_prefix_path.ps1'
[0.782s] INFO:colcon.colcon_core.shell:Creating environment descriptor '/home/prethivi/ros2_ws/Smart_Factory/smart_factory_ws/install/smart_factory_services/share/smart_factory_services/hook/cmake_prefix_path.dsv'
[0.782s] INFO:colcon.colcon_core.shell:Creating environment hook '/home/prethivi/ros2_ws/Smart_Factory/smart_factory_ws/install/smart_factory_services/share/smart_factory_services/hook/cmake_prefix_path.sh'
[0.783s] Level 1:colcon.colcon_core.environment:checking '/home/prethivi/ros2_ws/Smart_Factory/smart_factory_ws/install/smart_factory_services/lib'
[0.784s] Level 1:colcon.colcon_core.shell:create_environment_hook('smart_factory_services', 'ld_library_path_lib')
[0.784s] INFO:colcon.colcon_core.shell:Creating environment hook '/home/prethivi/ros2_ws/Smart_Factory/smart_factory_ws/install/smart_factory_services/share/smart_factory_services/hook/ld_library_path_lib.ps1'
[0.784s] INFO:colcon.colcon_core.shell:Creating environment descriptor '/home/prethivi/ros2_ws/Smart_Factory/smart_factory_ws/install/smart_factory_services/share/smart_factory_services/hook/ld_library_path_lib.dsv'
[0.785s] INFO:colcon.colcon_core.shell:Creating environment hook '/home/prethivi/ros2_ws/Smart_Factory/smart_factory_ws/install/smart_factory_services/share/smart_factory_services/hook/ld_library_path_lib.sh'
[0.785s] Level 1:colcon.colcon_core.environment:checking '/home/prethivi/ros2_ws/Smart_Factory/smart_factory_ws/install/smart_factory_services/bin'
[0.785s] Level 1:colcon.colcon_core.environment:checking '/home/prethivi/ros2_ws/Smart_Factory/smart_factory_ws/install/smart_factory_services/lib/pkgconfig/smart_factory_services.pc'
[0.785s] Level 1:colcon.colcon_core.environment:checking '/home/prethivi/ros2_ws/Smart_Factory/smart_factory_ws/install/smart_factory_services/lib/python3.10/site-packages'
[0.785s] Level 1:colcon.colcon_core.environment:checking '/home/prethivi/ros2_ws/Smart_Factory/smart_factory_ws/install/smart_factory_services/bin'
[0.786s] INFO:colcon.colcon_core.shell:Creating package script '/home/prethivi/ros2_ws/Smart_Factory/smart_factory_ws/install/smart_factory_services/share/smart_factory_services/package.ps1'
[0.786s] INFO:colcon.colcon_core.shell:Creating package descriptor '/home/prethivi/ros2_ws/Smart_Factory/smart_factory_ws/install/smart_factory_services/share/smart_factory_services/package.dsv'
[0.787s] INFO:colcon.colcon_core.shell:Creating package script '/home/prethivi/ros2_ws/Smart_Factory/smart_factory_ws/install/smart_factory_services/share/smart_factory_services/package.sh'
[0.787s] INFO:colcon.colcon_core.shell:Creating package script '/home/prethivi/ros2_ws/Smart_Factory/smart_factory_ws/install/smart_factory_services/share/smart_factory_services/package.bash'
[0.787s] INFO:colcon.colcon_core.shell:Creating package script '/home/prethivi/ros2_ws/Smart_Factory/smart_factory_ws/install/smart_factory_services/share/smart_factory_services/package.zsh'
[0.788s] Level 1:colcon.colcon_core.environment:create_file_with_runtime_dependencies(/home/prethivi/ros2_ws/Smart_Factory/smart_factory_ws/install/smart_factory_services/share/colcon-core/packages/smart_factory_services)
[0.788s] Level 1:colcon.colcon_core.environment:create_environment_scripts_only(smart_factory_services)
[0.788s] Level 1:colcon.colcon_core.environment:checking '/home/prethivi/ros2_ws/Smart_Factory/smart_factory_ws/install/smart_factory_services' for CMake module files
[0.789s] Level 1:colcon.colcon_core.environment:checking '/home/prethivi/ros2_ws/Smart_Factory/smart_factory_ws/install/smart_factory_services' for CMake config files
[0.789s] Level 1:colcon.colcon_core.shell:create_environment_hook('smart_factory_services', 'cmake_prefix_path')
[0.789s] INFO:colcon.colcon_core.shell:Creating environment hook '/home/prethivi/ros2_ws/Smart_Factory/smart_factory_ws/install/smart_factory_services/share/smart_factory_services/hook/cmake_prefix_path.ps1'
[0.790s] INFO:colcon.colcon_core.shell:Creating environment descriptor '/home/prethivi/ros2_ws/Smart_Factory/smart_factory_ws/install/smart_factory_services/share/smart_factory_services/hook/cmake_prefix_path.dsv'
[0.791s] INFO:colcon.colcon_core.shell:Creating environment hook '/home/prethivi/ros2_ws/Smart_Factory/smart_factory_ws/install/smart_factory_services/share/smart_factory_services/hook/cmake_prefix_path.sh'
[0.791s] Level 1:colcon.colcon_core.environment:checking '/home/prethivi/ros2_ws/Smart_Factory/smart_factory_ws/install/smart_factory_services/lib'
[0.791s] Level 1:colcon.colcon_core.shell:create_environment_hook('smart_factory_services', 'ld_library_path_lib')
[0.791s] INFO:colcon.colcon_core.shell:Creating environment hook '/home/prethivi/ros2_ws/Smart_Factory/smart_factory_ws/install/smart_factory_services/share/smart_factory_services/hook/ld_library_path_lib.ps1'
[0.792s] INFO:colcon.colcon_core.shell:Creating environment descriptor '/home/prethivi/ros2_ws/Smart_Factory/smart_factory_ws/install/smart_factory_services/share/smart_factory_services/hook/ld_library_path_lib.dsv'
[0.792s] INFO:colcon.colcon_core.shell:Creating environment hook '/home/prethivi/ros2_ws/Smart_Factory/smart_factory_ws/install/smart_factory_services/share/smart_factory_services/hook/ld_library_path_lib.sh'
[0.792s] Level 1:colcon.colcon_core.environment:checking '/home/prethivi/ros2_ws/Smart_Factory/smart_factory_ws/install/smart_factory_services/bin'
[0.792s] Level 1:colcon.colcon_core.environment:checking '/home/prethivi/ros2_ws/Smart_Factory/smart_factory_ws/install/smart_factory_services/lib/pkgconfig/smart_factory_services.pc'
[0.793s] Level 1:colcon.colcon_core.environment:checking '/home/prethivi/ros2_ws/Smart_Factory/smart_factory_ws/install/smart_factory_services/lib/python3.10/site-packages'
[0.793s] Level 1:colcon.colcon_core.environment:checking '/home/prethivi/ros2_ws/Smart_Factory/smart_factory_ws/install/smart_factory_services/bin'
[0.793s] INFO:colcon.colcon_core.shell:Creating package script '/home/prethivi/ros2_ws/Smart_Factory/smart_factory_ws/install/smart_factory_services/share/smart_factory_services/package.ps1'
[0.794s] INFO:colcon.colcon_core.shell:Creating package descriptor '/home/prethivi/ros2_ws/Smart_Factory/smart_factory_ws/install/smart_factory_services/share/smart_factory_services/package.dsv'
[0.794s] INFO:colcon.colcon_core.shell:Creating package script '/home/prethivi/ros2_ws/Smart_Factory/smart_factory_ws/install/smart_factory_services/share/smart_factory_services/package.sh'
[0.794s] INFO:colcon.colcon_core.shell:Creating package script '/home/prethivi/ros2_ws/Smart_Factory/smart_factory_ws/install/smart_factory_services/share/smart_factory_services/package.bash'
[0.795s] INFO:colcon.colcon_core.shell:Creating package script '/home/prethivi/ros2_ws/Smart_Factory/smart_factory_ws/install/smart_factory_services/share/smart_factory_services/package.zsh'
[0.795s] Level 1:colcon.colcon_core.environment:create_file_with_runtime_dependencies(/home/prethivi/ros2_ws/Smart_Factory/smart_factory_ws/install/smart_factory_services/share/colcon-core/packages/smart_factory_services)
[0.795s] INFO:colcon.colcon_ros.task.ament_python.build:Building ROS package in '/home/prethivi/ros2_ws/Smart_Factory/smart_factory_ws/src/smart_factory' with build type 'ament_python'
[0.795s] Level 1:colcon.colcon_core.shell:create_environment_hook('smart_factory', 'ament_prefix_path')
[0.795s] INFO:colcon.colcon_core.shell:Creating environment hook '/home/prethivi/ros2_ws/Smart_Factory/smart_factory_ws/install/smart_factory/share/smart_factory/hook/ament_prefix_path.ps1'
[0.796s] INFO:colcon.colcon_core.shell:Creating environment descriptor '/home/prethivi/ros2_ws/Smart_Factory/smart_factory_ws/install/smart_factory/share/smart_factory/hook/ament_prefix_path.dsv'
[0.796s] INFO:colcon.colcon_core.shell:Creating environment hook '/home/prethivi/ros2_ws/Smart_Factory/smart_factory_ws/install/smart_factory/share/smart_factory/hook/ament_prefix_path.sh'
[0.797s] INFO:colcon.colcon_core.shell:Skip shell extension 'powershell' for command environment: Not usable outside of PowerShell
[0.797s] DEBUG:colcon.colcon_core.shell:Skip shell extension 'dsv' for command environment
[1.020s] INFO:colcon.colcon_core.task.python.build:Building Python package in '/home/prethivi/ros2_ws/Smart_Factory/smart_factory_ws/src/smart_factory'
[1.021s] INFO:colcon.colcon_core.shell:Skip shell extension 'powershell' for command environment: Not usable outside of PowerShell
[1.021s] DEBUG:colcon.colcon_core.shell:Skip shell extension 'dsv' for command environment
[1.322s] DEBUG:colcon.colcon_core.event_handler.log_command:Invoking command in '/home/prethivi/ros2_ws/Smart_Factory/smart_factory_ws/src/smart_factory': CMAKE_PREFIX_PATH=/home/prethivi/ros2_ws/Smart_Factory/smart_factory_ws/install/smart_factory_services:/home/prethivi/ros2_ws/Smart_Factory/smart_factory_ws/install/turtlebot3_multi_robot LD_LIBRARY_PATH=/home/prethivi/ros2_ws/Smart_Factory/smart_factory_ws/install/smart_factory_services/lib:/usr/lib/x86_64-linux-gnu/gazebo-11/plugins:/opt/ros/humble/opt/rviz_ogre_vendor/lib:/opt/ros/humble/lib/x86_64-linux-gnu:/opt/ros/humble/lib:/usr/lib/x86_64-linux-gnu/gazebo-11/plugins:/usr/lib/x86_64-linux-gnu/gazebo-11/plugins:/usr/lib/x86_64-linux-gnu/gazebo-11/plugins PYTHONPATH=/home/prethivi/ros2_ws/Smart_Factory/smart_factory_ws/build/smart_factory/prefix_override:/usr/lib/python3/dist-packages/colcon_core/task/python/colcon_distutils_commands:/home/prethivi/ros2_ws/Smart_Factory/smart_factory_ws/install/smart_factory/lib/python3.10/site-packages:${PYTHONPATH} /usr/bin/python3 -W ignore:setup.py install is deprecated -W ignore:easy_install command is deprecated setup.py egg_info --egg-base ../../build/smart_factory build --build-base /home/prethivi/ros2_ws/Smart_Factory/smart_factory_ws/build/smart_factory/build install --record /home/prethivi/ros2_ws/Smart_Factory/smart_factory_ws/build/smart_factory/install.log --single-version-externally-managed install_data
[1.568s] Level 1:colcon.colcon_core.environment:checking '/home/prethivi/ros2_ws/Smart_Factory/smart_factory_ws/install/smart_factory' for CMake module files
[1.569s] DEBUG:colcon.colcon_core.event_handler.log_command:Invoked command in '/home/prethivi/ros2_ws/Smart_Factory/smart_factory_ws/src/smart_factory' returned '0': CMAKE_PREFIX_PATH=/home/prethivi/ros2_ws/Smart_Factory/smart_factory_ws/install/smart_factory_services:/home/prethivi/ros2_ws/Smart_Factory/smart_factory_ws/install/turtlebot3_multi_robot LD_LIBRARY_PATH=/home/prethivi/ros2_ws/Smart_Factory/smart_factory_ws/install/smart_factory_services/lib:/usr/lib/x86_64-linux-gnu/gazebo-11/plugins:/opt/ros/humble/opt/rviz_ogre_vendor/lib:/opt/ros/humble/lib/x86_64-linux-gnu:/opt/ros/humble/lib:/usr/lib/x86_64-linux-gnu/gazebo-11/plugins:/usr/lib/x86_64-linux-gnu/gazebo-11/plugins:/usr/lib/x86_64-linux-gnu/gazebo-11/plugins PYTHONPATH=/home/prethivi/ros2_ws/Smart_Factory/smart_factory_ws/build/smart_factory/prefix_override:/usr/lib/python3/dist-packages/colcon_core/task/python/colcon_distutils_commands:/home/prethivi/ros2_ws/Smart_Factory/smart_factory_ws/install/smart_factory/lib/python3.10/site-packages:${PYTHONPATH} /usr/bin/python3 -W ignore:setup.py install is deprecated -W ignore:easy_install command is deprecated setup.py egg_info --egg-base ../../build/smart_factory build --build-base /home/prethivi/ros2_ws/Smart_Factory/smart_factory_ws/build/smart_factory/build install --record /home/prethivi/ros2_ws/Smart_Factory/smart_factory_ws/build/smart_factory/install.log --single-version-externally-managed install_data
[1.569s] Level 1:colcon.colcon_core.environment:checking '/home/prethivi/ros2_ws/Smart_Factory/smart_factory_ws/install/smart_factory' for CMake config files
[1.570s] Level 1:colcon.colcon_core.environment:checking '/home/prethivi/ros2_ws/Smart_Factory/smart_factory_ws/install/smart_factory/lib'
[1.570s] Level 1:colcon.colcon_core.environment:checking '/home/prethivi/ros2_ws/Smart_Factory/smart_factory_ws/install/smart_factory/bin'
[1.570s] Level 1:colcon.colcon_core.environment:checking '/home/prethivi/ros2_ws/Smart_Factory/smart_factory_ws/install/smart_factory/lib/pkgconfig/smart_factory.pc'
[1.570s] Level 1:colcon.colcon_core.environment:checking '/home/prethivi/ros2_ws/Smart_Factory/smart_factory_ws/install/smart_factory/lib/python3.10/site-packages'
[1.570s] Level 1:colcon.colcon_core.shell:create_environment_hook('smart_factory', 'pythonpath')
[1.570s] INFO:colcon.colcon_core.shell:Creating environment hook '/home/prethivi/ros2_ws/Smart_Factory/smart_factory_ws/install/smart_factory/share/smart_factory/hook/pythonpath.ps1'
[1.571s] INFO:colcon.colcon_core.shell:Creating environment descriptor '/home/prethivi/ros2_ws/Smart_Factory/smart_factory_ws/install/smart_factory/share/smart_factory/hook/pythonpath.dsv'
[1.571s] INFO:colcon.colcon_core.shell:Creating environment hook '/home/prethivi/ros2_ws/Smart_Factory/smart_factory_ws/install/smart_factory/share/smart_factory/hook/pythonpath.sh'
[1.572s] Level 1:colcon.colcon_core.environment:checking '/home/prethivi/ros2_ws/Smart_Factory/smart_factory_ws/install/smart_factory/bin'
[1.572s] Level 1:colcon.colcon_core.environment:create_environment_scripts_only(smart_factory)
[1.572s] INFO:colcon.colcon_core.shell:Creating package script '/home/prethivi/ros2_ws/Smart_Factory/smart_factory_ws/install/smart_factory/share/smart_factory/package.ps1'
[1.572s] INFO:colcon.colcon_core.shell:Creating package descriptor '/home/prethivi/ros2_ws/Smart_Factory/smart_factory_ws/install/smart_factory/share/smart_factory/package.dsv'
[1.573s] INFO:colcon.colcon_core.shell:Creating package script '/home/prethivi/ros2_ws/Smart_Factory/smart_factory_ws/install/smart_factory/share/smart_factory/package.sh'
[1.573s] INFO:colcon.colcon_core.shell:Creating package script '/home/prethivi/ros2_ws/Smart_Factory/smart_factory_ws/install/smart_factory/share/smart_factory/package.bash'
[1.573s] INFO:colcon.colcon_core.shell:Creating package script '/home/prethivi/ros2_ws/Smart_Factory/smart_factory_ws/install/smart_factory/share/smart_factory/package.zsh'
[1.573s] Level 1:colcon.colcon_core.environment:create_file_with_runtime_dependencies(/home/prethivi/ros2_ws/Smart_Factory/smart_factory_ws/install/smart_factory/share/colcon-core/packages/smart_factory)
[1.574s] INFO:colcon.colcon_ros.task.ament_python.build:Building ROS package in '/home/prethivi/ros2_ws/Smart_Factory/smart_factory_ws/src/smart_factory_bringup' with build type 'ament_python'
[1.574s] Level 1:colcon.colcon_core.shell:create_environment_hook('smart_factory_bringup', 'ament_prefix_path')
[1.574s] INFO:colcon.colcon_core.shell:Creating environment hook '/home/prethivi/ros2_ws/Smart_Factory/smart_factory_ws/install/smart_factory_bringup/share/smart_factory_bringup/hook/ament_prefix_path.ps1'
[1.575s] INFO:colcon.colcon_core.shell:Creating environment descriptor '/home/prethivi/ros2_ws/Smart_Factory/smart_factory_ws/install/smart_factory_bringup/share/smart_factory_bringup/hook/ament_prefix_path.dsv'
[1.575s] INFO:colcon.colcon_core.shell:Creating environment hook '/home/prethivi/ros2_ws/Smart_Factory/smart_factory_ws/install/smart_factory_bringup/share/smart_factory_bringup/hook/ament_prefix_path.sh'
[1.575s] INFO:colcon.colcon_core.shell:Skip shell extension 'powershell' for command environment: Not usable outside of PowerShell
[1.575s] DEBUG:colcon.colcon_core.shell:Skip shell extension 'dsv' for command environment
[1.578s] INFO:colcon.colcon_ros.task.ament_python.build:Building ROS package in '/home/prethivi/ros2_ws/Smart_Factory/smart_factory_ws/src/smart_factory_simulations' with build type 'ament_python'
[1.579s] Level 1:colcon.colcon_core.shell:create_environment_hook('smart_factory_simulations', 'ament_prefix_path')
[1.579s] INFO:colcon.colcon_core.shell:Creating environment hook '/home/prethivi/ros2_ws/Smart_Factory/smart_factory_ws/install/smart_factory_simulations/share/smart_factory_simulations/hook/ament_prefix_path.ps1'
[1.580s] INFO:colcon.colcon_core.shell:Creating environment descriptor '/home/prethivi/ros2_ws/Smart_Factory/smart_factory_ws/install/smart_factory_simulations/share/smart_factory_simulations/hook/ament_prefix_path.dsv'
[1.580s] INFO:colcon.colcon_core.shell:Creating environment hook '/home/prethivi/ros2_ws/Smart_Factory/smart_factory_ws/install/smart_factory_simulations/share/smart_factory_simulations/hook/ament_prefix_path.sh'
[1.581s] INFO:colcon.colcon_core.shell:Skip shell extension 'powershell' for command environment: Not usable outside of PowerShell
[1.581s] DEBUG:colcon.colcon_core.shell:Skip shell extension 'dsv' for command environment
[1.801s] INFO:colcon.colcon_core.task.python.build:Building Python package in '/home/prethivi/ros2_ws/Smart_Factory/smart_factory_ws/src/smart_factory_bringup'
[1.802s] INFO:colcon.colcon_core.shell:Skip shell extension 'powershell' for command environment: Not usable outside of PowerShell
[1.802s] DEBUG:colcon.colcon_core.shell:Skip shell extension 'dsv' for command environment
[2.016s] INFO:colcon.colcon_core.task.python.build:Building Python package in '/home/prethivi/ros2_ws/Smart_Factory/smart_factory_ws/src/smart_factory_simulations'
[2.016s] INFO:colcon.colcon_core.shell:Skip shell extension 'powershell' for command environment: Not usable outside of PowerShell
[2.016s] DEBUG:colcon.colcon_core.shell:Skip shell extension 'dsv' for command environment
[2.357s] DEBUG:colcon.colcon_core.event_handler.log_command:Invoking command in '/home/prethivi/ros2_ws/Smart_Factory/smart_factory_ws/src/smart_factory_simulations': AMENT_PREFIX_PATH=/home/prethivi/ros2_ws/Smart_Factory/smart_factory_ws/install/smart_factory:/home/prethivi/ros2_ws/Smart_Factory/smart_factory_ws/install/smart_factory_simulations:/home/prethivi/ros2_ws/Smart_Factory/smart_factory_ws/install/turtlebot3_multi_robot:/home/prethivi/ros2_ws/Smart_Factory/smart_factory_ws/install/smart_factory_bringup:/home/prethivi/ros2_ws/Smart_Factory/smart_factory_ws/install/smart_factory_services:/opt/ros/humble LD_LIBRARY_PATH=/home/prethivi/ros2_ws/Smart_Factory/smart_factory_ws/install/smart_factory_services/lib:/usr/lib/x86_64-linux-gnu/gazebo-11/plugins:/opt/ros/humble/opt/rviz_ogre_vendor/lib:/opt/ros/humble/lib/x86_64-linux-gnu:/opt/ros/humble/lib:/usr/lib/x86_64-linux-gnu/gazebo-11/plugins:/usr/lib/x86_64-linux-gnu/gazebo-11/plugins:/usr/lib/x86_64-linux-gnu/gazebo-11/plugins PYTHONPATH=/home/prethivi/ros2_ws/Smart_Factory/smart_factory_ws/build/smart_factory_simulations/prefix_override:/usr/lib/python3/dist-packages/colcon_core/task/python/colcon_distutils_commands:/home/prethivi/ros2_ws/Smart_Factory/smart_factory_ws/install/smart_factory_simulations/lib/python3.10/site-packages:/home/prethivi/ros2_ws/Smart_Factory/smart_factory_ws/install/smart_factory/lib/python3.10/site-packages:/home/prethivi/ros2_ws/Smart_Factory/smart_factory_ws/install/smart_factory_simulations/lib/python3.10/site-packages:/home/prethivi/ros2_ws/Smart_Factory/smart_factory_ws/install/smart_factory_bringup/lib/python3.10/site-packages:/home/prethivi/ros2_ws/Smart_Factory/smart_factory_ws/install/smart_factory_services/local/lib/python3.10/dist-packages:/opt/ros/humble/lib/python3.10/site-packages:/opt/ros/humble/local/lib/python3.10/dist-packages /usr/bin/python3 -W ignore:setup.py install is deprecated -W ignore:easy_install command is deprecated setup.py egg_info --egg-base ../../build/smart_factory_simulations build --build-base /home/prethivi/ros2_ws/Smart_Factory/smart_factory_ws/build/smart_factory_simulations/build install --record /home/prethivi/ros2_ws/Smart_Factory/smart_factory_ws/build/smart_factory_simulations/install.log --single-version-externally-managed install_data
[2.359s] DEBUG:colcon.colcon_core.event_handler.log_command:Invoking command in '/home/prethivi/ros2_ws/Smart_Factory/smart_factory_ws/src/smart_factory_bringup': AMENT_PREFIX_PATH=/home/prethivi/ros2_ws/Smart_Factory/smart_factory_ws/install/smart_factory:/home/prethivi/ros2_ws/Smart_Factory/smart_factory_ws/install/smart_factory_simulations:/home/prethivi/ros2_ws/Smart_Factory/smart_factory_ws/install/turtlebot3_multi_robot:/home/prethivi/ros2_ws/Smart_Factory/smart_factory_ws/install/smart_factory_bringup:/home/prethivi/ros2_ws/Smart_Factory/smart_factory_ws/install/smart_factory_services:/opt/ros/humble CMAKE_PREFIX_PATH=/home/prethivi/ros2_ws/Smart_Factory/smart_factory_ws/install/smart_factory_services:/home/prethivi/ros2_ws/Smart_Factory/smart_factory_ws/install/turtlebot3_multi_robot LD_LIBRARY_PATH=/home/prethivi/ros2_ws/Smart_Factory/smart_factory_ws/install/smart_factory_services/lib:/usr/lib/x86_64-linux-gnu/gazebo-11/plugins:/opt/ros/humble/opt/rviz_ogre_vendor/lib:/opt/ros/humble/lib/x86_64-linux-gnu:/opt/ros/humble/lib:/usr/lib/x86_64-linux-gnu/gazebo-11/plugins:/usr/lib/x86_64-linux-gnu/gazebo-11/plugins:/usr/lib/x86_64-linux-gnu/gazebo-11/plugins PYTHONPATH=/home/prethivi/ros2_ws/Smart_Factory/smart_factory_ws/build/smart_factory_bringup/prefix_override:/usr/lib/python3/dist-packages/colcon_core/task/python/colcon_distutils_commands:/home/prethivi/ros2_ws/Smart_Factory/smart_factory_ws/install/smart_factory_bringup/lib/python3.10/site-packages:/home/prethivi/ros2_ws/Smart_Factory/smart_factory_ws/install/smart_factory/lib/python3.10/site-packages:/home/prethivi/ros2_ws/Smart_Factory/smart_factory_ws/install/smart_factory_simulations/lib/python3.10/site-packages:/home/prethivi/ros2_ws/Smart_Factory/smart_factory_ws/install/smart_factory_bringup/lib/python3.10/site-packages:/home/prethivi/ros2_ws/Smart_Factory/smart_factory_ws/install/smart_factory_services/local/lib/python3.10/dist-packages:/opt/ros/humble/lib/python3.10/site-packages:/opt/ros/humble/local/lib/python3.10/dist-packages /usr/bin/python3 -W ignore:setup.py install is deprecated -W ignore:easy_install command is deprecated setup.py egg_info --egg-base ../../build/smart_factory_bringup build --build-base /home/prethivi/ros2_ws/Smart_Factory/smart_factory_ws/build/smart_factory_bringup/build install --record /home/prethivi/ros2_ws/Smart_Factory/smart_factory_ws/build/smart_factory_bringup/install.log --single-version-externally-managed install_data
[2.631s] Level 1:colcon.colcon_core.environment:checking '/home/prethivi/ros2_ws/Smart_Factory/smart_factory_ws/install/smart_factory_bringup' for CMake module files
[2.631s] DEBUG:colcon.colcon_core.event_handler.log_command:Invoked command in '/home/prethivi/ros2_ws/Smart_Factory/smart_factory_ws/src/smart_factory_bringup' returned '0': AMENT_PREFIX_PATH=/home/prethivi/ros2_ws/Smart_Factory/smart_factory_ws/install/smart_factory:/home/prethivi/ros2_ws/Smart_Factory/smart_factory_ws/install/smart_factory_simulations:/home/prethivi/ros2_ws/Smart_Factory/smart_factory_ws/install/turtlebot3_multi_robot:/home/prethivi/ros2_ws/Smart_Factory/smart_factory_ws/install/smart_factory_bringup:/home/prethivi/ros2_ws/Smart_Factory/smart_factory_ws/install/smart_factory_services:/opt/ros/humble CMAKE_PREFIX_PATH=/home/prethivi/ros2_ws/Smart_Factory/smart_factory_ws/install/smart_factory_services:/home/prethivi/ros2_ws/Smart_Factory/smart_factory_ws/install/turtlebot3_multi_robot LD_LIBRARY_PATH=/home/prethivi/ros2_ws/Smart_Factory/smart_factory_ws/install/smart_factory_services/lib:/usr/lib/x86_64-linux-gnu/gazebo-11/plugins:/opt/ros/humble/opt/rviz_ogre_vendor/lib:/opt/ros/humble/lib/x86_64-linux-gnu:/opt/ros/humble/lib:/usr/lib/x86_64-linux-gnu/gazebo-11/plugins:/usr/lib/x86_64-linux-gnu/gazebo-11/plugins:/usr/lib/x86_64-linux-gnu/gazebo-11/plugins PYTHONPATH=/home/prethivi/ros2_ws/Smart_Factory/smart_factory_ws/build/smart_factory_bringup/prefix_override:/usr/lib/python3/dist-packages/colcon_core/task/python/colcon_distutils_commands:/home/prethivi/ros2_ws/Smart_Factory/smart_factory_ws/install/smart_factory_bringup/lib/python3.10/site-packages:/home/prethivi/ros2_ws/Smart_Factory/smart_factory_ws/install/smart_factory/lib/python3.10/site-packages:/home/prethivi/ros2_ws/Smart_Factory/smart_factory_ws/install/smart_factory_simulations/lib/python3.10/site-packages:/home/prethivi/ros2_ws/Smart_Factory/smart_factory_ws/install/smart_factory_bringup/lib/python3.10/site-packages:/home/prethivi/ros2_ws/Smart_Factory/smart_factory_ws/install/smart_factory_services/local/lib/python3.10/dist-packages:/opt/ros/humble/lib/python3.10/site-packages:/opt/ros/humble/local/lib/python3.10/dist-packages /usr/bin/python3 -W ignore:setup.py install is deprecated -W ignore:easy_install command is deprecated setup.py egg_info --egg-base ../../build/smart_factory_bringup build --build-base /home/prethivi/ros2_ws/Smart_Factory/smart_factory_ws/build/smart_factory_bringup/build install --record /home/prethivi/ros2_ws/Smart_Factory/smart_factory_ws/build/smart_factory_bringup/install.log --single-version-externally-managed install_data
[2.632s] Level 1:colcon.colcon_core.environment:checking '/home/prethivi/ros2_ws/Smart_Factory/smart_factory_ws/install/smart_factory_bringup' for CMake config files
[2.632s] Level 1:colcon.colcon_core.environment:checking '/home/prethivi/ros2_ws/Smart_Factory/smart_factory_ws/install/smart_factory_bringup/lib'
[2.632s] Level 1:colcon.colcon_core.environment:checking '/home/prethivi/ros2_ws/Smart_Factory/smart_factory_ws/install/smart_factory_bringup/bin'
[2.632s] Level 1:colcon.colcon_core.environment:checking '/home/prethivi/ros2_ws/Smart_Factory/smart_factory_ws/install/smart_factory_bringup/lib/pkgconfig/smart_factory_bringup.pc'
[2.633s] Level 1:colcon.colcon_core.environment:checking '/home/prethivi/ros2_ws/Smart_Factory/smart_factory_ws/install/smart_factory_bringup/lib/python3.10/site-packages'
[2.633s] Level 1:colcon.colcon_core.shell:create_environment_hook('smart_factory_bringup', 'pythonpath')
[2.633s] INFO:colcon.colcon_core.shell:Creating environment hook '/home/prethivi/ros2_ws/Smart_Factory/smart_factory_ws/install/smart_factory_bringup/share/smart_factory_bringup/hook/pythonpath.ps1'
[2.633s] INFO:colcon.colcon_core.shell:Creating environment descriptor '/home/prethivi/ros2_ws/Smart_Factory/smart_factory_ws/install/smart_factory_bringup/share/smart_factory_bringup/hook/pythonpath.dsv'
[2.634s] INFO:colcon.colcon_core.shell:Creating environment hook '/home/prethivi/ros2_ws/Smart_Factory/smart_factory_ws/install/smart_factory_bringup/share/smart_factory_bringup/hook/pythonpath.sh'
[2.634s] Level 1:colcon.colcon_core.environment:checking '/home/prethivi/ros2_ws/Smart_Factory/smart_factory_ws/install/smart_factory_bringup/bin'
[2.634s] Level 1:colcon.colcon_core.environment:create_environment_scripts_only(smart_factory_bringup)
[2.635s] INFO:colcon.colcon_core.shell:Creating package script '/home/prethivi/ros2_ws/Smart_Factory/smart_factory_ws/install/smart_factory_bringup/share/smart_factory_bringup/package.ps1'
[2.635s] INFO:colcon.colcon_core.shell:Creating package descriptor '/home/prethivi/ros2_ws/Smart_Factory/smart_factory_ws/install/smart_factory_bringup/share/smart_factory_bringup/package.dsv'
[2.636s] INFO:colcon.colcon_core.shell:Creating package script '/home/prethivi/ros2_ws/Smart_Factory/smart_factory_ws/install/smart_factory_bringup/share/smart_factory_bringup/package.sh'
[2.636s] INFO:colcon.colcon_core.shell:Creating package script '/home/prethivi/ros2_ws/Smart_Factory/smart_factory_ws/install/smart_factory_bringup/share/smart_factory_bringup/package.bash'
[2.636s] INFO:colcon.colcon_core.shell:Creating package script '/home/prethivi/ros2_ws/Smart_Factory/smart_factory_ws/install/smart_factory_bringup/share/smart_factory_bringup/package.zsh'
[2.637s] Level 1:colcon.colcon_core.environment:create_file_with_runtime_dependencies(/home/prethivi/ros2_ws/Smart_Factory/smart_factory_ws/install/smart_factory_bringup/share/colcon-core/packages/smart_factory_bringup)
[2.639s] Level 1:colcon.colcon_core.environment:checking '/home/prethivi/ros2_ws/Smart_Factory/smart_factory_ws/install/smart_factory_simulations' for CMake module files
[2.639s] DEBUG:colcon.colcon_core.event_handler.log_command:Invoked command in '/home/prethivi/ros2_ws/Smart_Factory/smart_factory_ws/src/smart_factory_simulations' returned '0': AMENT_PREFIX_PATH=/home/prethivi/ros2_ws/Smart_Factory/smart_factory_ws/install/smart_factory:/home/prethivi/ros2_ws/Smart_Factory/smart_factory_ws/install/smart_factory_simulations:/home/prethivi/ros2_ws/Smart_Factory/smart_factory_ws/install/turtlebot3_multi_robot:/home/prethivi/ros2_ws/Smart_Factory/smart_factory_ws/install/smart_factory_bringup:/home/prethivi/ros2_ws/Smart_Factory/smart_factory_ws/install/smart_factory_services:/opt/ros/humble LD_LIBRARY_PATH=/home/prethivi/ros2_ws/Smart_Factory/smart_factory_ws/install/smart_factory_services/lib:/usr/lib/x86_64-linux-gnu/gazebo-11/plugins:/opt/ros/humble/opt/rviz_ogre_vendor/lib:/opt/ros/humble/lib/x86_64-linux-gnu:/opt/ros/humble/lib:/usr/lib/x86_64-linux-gnu/gazebo-11/plugins:/usr/lib/x86_64-linux-gnu/gazebo-11/plugins:/usr/lib/x86_64-linux-gnu/gazebo-11/plugins PYTHONPATH=/home/prethivi/ros2_ws/Smart_Factory/smart_factory_ws/build/smart_factory_simulations/prefix_override:/usr/lib/python3/dist-packages/colcon_core/task/python/colcon_distutils_commands:/home/prethivi/ros2_ws/Smart_Factory/smart_factory_ws/install/smart_factory_simulations/lib/python3.10/site-packages:/home/prethivi/ros2_ws/Smart_Factory/smart_factory_ws/install/smart_factory/lib/python3.10/site-packages:/home/prethivi/ros2_ws/Smart_Factory/smart_factory_ws/install/smart_factory_simulations/lib/python3.10/site-packages:/home/prethivi/ros2_ws/Smart_Factory/smart_factory_ws/install/smart_factory_bringup/lib/python3.10/site-packages:/home/prethivi/ros2_ws/Smart_Factory/smart_factory_ws/install/smart_factory_services/local/lib/python3.10/dist-packages:/opt/ros/humble/lib/python3.10/site-packages:/opt/ros/humble/local/lib/python3.10/dist-packages /usr/bin/python3 -W ignore:setup.py install is deprecated -W ignore:easy_install command is deprecated setup.py egg_info --egg-base ../../build/smart_factory_simulations build --build-base /home/prethivi/ros2_ws/Smart_Factory/smart_factory_ws/build/smart_factory_simulations/build install --record /home/prethivi/ros2_ws/Smart_Factory/smart_factory_ws/build/smart_factory_simulations/install.log --single-version-externally-managed install_data
[2.640s] Level 1:colcon.colcon_core.environment:checking '/home/prethivi/ros2_ws/Smart_Factory/smart_factory_ws/install/smart_factory_simulations' for CMake config files
[2.640s] Level 1:colcon.colcon_core.environment:checking '/home/prethivi/ros2_ws/Smart_Factory/smart_factory_ws/install/smart_factory_simulations/lib'
[2.640s] Level 1:colcon.colcon_core.environment:checking '/home/prethivi/ros2_ws/Smart_Factory/smart_factory_ws/install/smart_factory_simulations/bin'
[2.640s] Level 1:colcon.colcon_core.environment:checking '/home/prethivi/ros2_ws/Smart_Factory/smart_factory_ws/install/smart_factory_simulations/lib/pkgconfig/smart_factory_simulations.pc'
[2.640s] Level 1:colcon.colcon_core.environment:checking '/home/prethivi/ros2_ws/Smart_Factory/smart_factory_ws/install/smart_factory_simulations/lib/python3.10/site-packages'
[2.640s] Level 1:colcon.colcon_core.shell:create_environment_hook('smart_factory_simulations', 'pythonpath')
[2.641s] INFO:colcon.colcon_core.shell:Creating environment hook '/home/prethivi/ros2_ws/Smart_Factory/smart_factory_ws/install/smart_factory_simulations/share/smart_factory_simulations/hook/pythonpath.ps1'
[2.641s] INFO:colcon.colcon_core.shell:Creating environment descriptor '/home/prethivi/ros2_ws/Smart_Factory/smart_factory_ws/install/smart_factory_simulations/share/smart_factory_simulations/hook/pythonpath.dsv'
[2.641s] INFO:colcon.colcon_core.shell:Creating environment hook '/home/prethivi/ros2_ws/Smart_Factory/smart_factory_ws/install/smart_factory_simulations/share/smart_factory_simulations/hook/pythonpath.sh'
[2.642s] Level 1:colcon.colcon_core.environment:checking '/home/prethivi/ros2_ws/Smart_Factory/smart_factory_ws/install/smart_factory_simulations/bin'
[2.642s] Level 1:colcon.colcon_core.environment:create_environment_scripts_only(smart_factory_simulations)
[2.642s] INFO:colcon.colcon_core.shell:Creating package script '/home/prethivi/ros2_ws/Smart_Factory/smart_factory_ws/install/smart_factory_simulations/share/smart_factory_simulations/package.ps1'
[2.642s] INFO:colcon.colcon_core.shell:Creating package descriptor '/home/prethivi/ros2_ws/Smart_Factory/smart_factory_ws/install/smart_factory_simulations/share/smart_factory_simulations/package.dsv'
[2.643s] INFO:colcon.colcon_core.shell:Creating package script '/home/prethivi/ros2_ws/Smart_Factory/smart_factory_ws/install/smart_factory_simulations/share/smart_factory_simulations/package.sh'
[2.643s] INFO:colcon.colcon_core.shell:Creating package script '/home/prethivi/ros2_ws/Smart_Factory/smart_factory_ws/install/smart_factory_simulations/share/smart_factory_simulations/package.bash'
[2.643s] INFO:colcon.colcon_core.shell:Creating package script '/home/prethivi/ros2_ws/Smart_Factory/smart_factory_ws/install/smart_factory_simulations/share/smart_factory_simulations/package.zsh'
[2.644s] Level 1:colcon.colcon_core.environment:create_file_with_runtime_dependencies(/home/prethivi/ros2_ws/Smart_Factory/smart_factory_ws/install/smart_factory_simulations/share/colcon-core/packages/smart_factory_simulations)
[2.644s] DEBUG:colcon.colcon_parallel_executor.executor.parallel:closing loop
[2.644s] DEBUG:colcon.colcon_parallel_executor.executor.parallel:loop closed
[2.644s] DEBUG:colcon.colcon_parallel_executor.executor.parallel:run_until_complete finished with '0'
[2.644s] DEBUG:colcon.colcon_core.event_reactor:joining thread
[2.649s] INFO:colcon.colcon_core.plugin_system:Skipping extension 'colcon_notification.desktop_notification.terminal_notifier': Not used on non-Darwin systems
[2.650s] INFO:colcon.colcon_core.plugin_system:Skipping extension 'colcon_notification.desktop_notification.win32': Not used on non-Windows systems
[2.650s] INFO:colcon.colcon_notification.desktop_notification:Sending desktop notification using 'notify2'
[2.660s] DEBUG:colcon.colcon_core.event_reactor:joined thread
[2.660s] INFO:colcon.colcon_core.shell:Creating prefix script '/home/prethivi/ros2_ws/Smart_Factory/smart_factory_ws/install/local_setup.ps1'
[2.662s] INFO:colcon.colcon_core.shell:Creating prefix util module '/home/prethivi/ros2_ws/Smart_Factory/smart_factory_ws/install/_local_setup_util_ps1.py'
[2.662s] INFO:colcon.colcon_core.shell:Creating prefix chain script '/home/prethivi/ros2_ws/Smart_Factory/smart_factory_ws/install/setup.ps1'
[2.663s] INFO:colcon.colcon_core.shell:Creating prefix script '/home/prethivi/ros2_ws/Smart_Factory/smart_factory_ws/install/local_setup.sh'
[2.664s] INFO:colcon.colcon_core.shell:Creating prefix util module '/home/prethivi/ros2_ws/Smart_Factory/smart_factory_ws/install/_local_setup_util_sh.py'
[2.664s] INFO:colcon.colcon_core.shell:Creating prefix chain script '/home/prethivi/ros2_ws/Smart_Factory/smart_factory_ws/install/setup.sh'
[2.665s] INFO:colcon.colcon_core.shell:Creating prefix script '/home/prethivi/ros2_ws/Smart_Factory/smart_factory_ws/install/local_setup.bash'
[2.665s] INFO:colcon.colcon_core.shell:Creating prefix chain script '/home/prethivi/ros2_ws/Smart_Factory/smart_factory_ws/install/setup.bash'
[2.666s] INFO:colcon.colcon_core.shell:Creating prefix script '/home/prethivi/ros2_ws/Smart_Factory/smart_factory_ws/install/local_setup.zsh'
[2.667s] INFO:colcon.colcon_core.shell:Creating prefix chain script '/home/prethivi/ros2_ws/Smart_Factory/smart_factory_ws/install/setup.zsh'
